Rainfall, Year, Month, Country, ISO3
11.7908,1901, Jan, Mexico, MEX
34.2592,1901, Feb, Mexico, MEX
6.69704,1901, Mar, Mexico, MEX
11.4709,1901, Apr, Mexico, MEX
24.4775,1901, May, Mexico, MEX
64.7816,1901, Jun, Mexico, MEX
150.542,1901, Jul, Mexico, MEX
134.635,1901, Aug, Mexico, MEX
136.395,1901, Sep, Mexico, MEX
47.6962,1901, Oct, Mexico, MEX
24.5388,1901, Nov, Mexico, MEX
8.80012,1901, Dec, Mexico, MEX
22.5038,1902, Jan, Mexico, MEX
6.09607,1902, Feb, Mexico, MEX
4.62796,1902, Mar, Mexico, MEX
9.24681,1902, Apr, Mexico, MEX
32.3214,1902, May, Mexico, MEX
75.806,1902, Jun, Mexico, MEX
131.667,1902, Jul, Mexico, MEX
90.7668,1902, Aug, Mexico, MEX
118.416,1902, Sep, Mexico, MEX
64.7864,1902, Oct, Mexico, MEX
26.9084,1902, Nov, Mexico, MEX
32.3553,1902, Dec, Mexico, MEX
21.4599,1903, Jan, Mexico, MEX
19.5343,1903, Feb, Mexico, MEX
18.4715,1903, Mar, Mexico, MEX
12.3215,1903, Apr, Mexico, MEX
22.0758,1903, May, Mexico, MEX
131.748,1903, Jun, Mexico, MEX
94.7304,1903, Jul, Mexico, MEX
144.293,1903, Aug, Mexico, MEX
131.095,1903, Sep, Mexico, MEX
47.9985,1903, Oct, Mexico, MEX
12.0927,1903, Nov, Mexico, MEX
8.70131,1903, Dec, Mexico, MEX
6.58713,1904, Jan, Mexico, MEX
7.81254,1904, Feb, Mexico, MEX
14.6309,1904, Mar, Mexico, MEX
21.8934,1904, Apr, Mexico, MEX
64.594,1904, May, Mexico, MEX
93.9635,1904, Jun, Mexico, MEX
127.422,1904, Jul, Mexico, MEX
104.888,1904, Aug, Mexico, MEX
120.645,1904, Sep, Mexico, MEX
87.818,1904, Oct, Mexico, MEX
40.0042,1904, Nov, Mexico, MEX
32.8125,1904, Dec, Mexico, MEX
23.5117,1905, Jan, Mexico, MEX
38.5286,1905, Feb, Mexico, MEX
26.6979,1905, Mar, Mexico, MEX
16.3015,1905, Apr, Mexico, MEX
26.7693,1905, May, Mexico, MEX
113.442,1905, Jun, Mexico, MEX
113.421,1905, Jul, Mexico, MEX
122.927,1905, Aug, Mexico, MEX
139.977,1905, Sep, Mexico, MEX
45.068,1905, Oct, Mexico, MEX
50.2613,1905, Nov, Mexico, MEX
63.8942,1905, Dec, Mexico, MEX
19.6733,1906, Jan, Mexico, MEX
38.0102,1906, Feb, Mexico, MEX
22.1814,1906, Mar, Mexico, MEX
24.2093,1906, Apr, Mexico, MEX
26.0159,1906, May, Mexico, MEX
55.8986,1906, Jun, Mexico, MEX
124.775,1906, Jul, Mexico, MEX
154.2,1906, Aug, Mexico, MEX
137.766,1906, Sep, Mexico, MEX
70.2243,1906, Oct, Mexico, MEX
42.752,1906, Nov, Mexico, MEX
29.5378,1906, Dec, Mexico, MEX
18.1351,1907, Jan, Mexico, MEX
17.2863,1907, Feb, Mexico, MEX
3.7165,1907, Mar, Mexico, MEX
14.8125,1907, Apr, Mexico, MEX
49.5049,1907, May, Mexico, MEX
66.5706,1907, Jun, Mexico, MEX
124.166,1907, Jul, Mexico, MEX
135.392,1907, Aug, Mexico, MEX
88.2836,1907, Sep, Mexico, MEX
85.5327,1907, Oct, Mexico, MEX
61.933,1907, Nov, Mexico, MEX
22.6203,1907, Dec, Mexico, MEX
16.5544,1908, Jan, Mexico, MEX
20.3734,1908, Feb, Mexico, MEX
8.38866,1908, Mar, Mexico, MEX
23.6529,1908, Apr, Mexico, MEX
51.193,1908, May, Mexico, MEX
70.1688,1908, Jun, Mexico, MEX
145.658,1908, Jul, Mexico, MEX
129.243,1908, Aug, Mexico, MEX
114.936,1908, Sep, Mexico, MEX
34.5413,1908, Oct, Mexico, MEX
18.6826,1908, Nov, Mexico, MEX
18.4516,1908, Dec, Mexico, MEX
6.95642,1909, Jan, Mexico, MEX
7.68736,1909, Feb, Mexico, MEX
15.9362,1909, Mar, Mexico, MEX
16.8226,1909, Apr, Mexico, MEX
20.4491,1909, May, Mexico, MEX
89.816,1909, Jun, Mexico, MEX
127.523,1909, Jul, Mexico, MEX
148.602,1909, Aug, Mexico, MEX
81.294,1909, Sep, Mexico, MEX
38.5318,1909, Oct, Mexico, MEX
7.81426,1909, Nov, Mexico, MEX
36.7956,1909, Dec, Mexico, MEX
13.2861,1910, Jan, Mexico, MEX
9.75758,1910, Feb, Mexico, MEX
14.3131,1910, Mar, Mexico, MEX
8.55658,1910, Apr, Mexico, MEX
32.685,1910, May, Mexico, MEX
101.35,1910, Jun, Mexico, MEX
112.526,1910, Jul, Mexico, MEX
120.841,1910, Aug, Mexico, MEX
102.891,1910, Sep, Mexico, MEX
94.9834,1910, Oct, Mexico, MEX
13.9728,1910, Nov, Mexico, MEX
10.616,1910, Dec, Mexico, MEX
19.0165,1911, Jan, Mexico, MEX
23.6141,1911, Feb, Mexico, MEX
17.8673,1911, Mar, Mexico, MEX
20.4986,1911, Apr, Mexico, MEX
48.2235,1911, May, Mexico, MEX
58.3975,1911, Jun, Mexico, MEX
133.907,1911, Jul, Mexico, MEX
87.5162,1911, Aug, Mexico, MEX
74.6109,1911, Sep, Mexico, MEX
99.6352,1911, Oct, Mexico, MEX
48.9278,1911, Nov, Mexico, MEX
21.5242,1911, Dec, Mexico, MEX
29.1415,1912, Jan, Mexico, MEX
23.169,1912, Feb, Mexico, MEX
15.9687,1912, Mar, Mexico, MEX
8.77772,1912, Apr, Mexico, MEX
34.0247,1912, May, Mexico, MEX
140.388,1912, Jun, Mexico, MEX
89.8055,1912, Jul, Mexico, MEX
105.304,1912, Aug, Mexico, MEX
102.473,1912, Sep, Mexico, MEX
94.6762,1912, Oct, Mexico, MEX
13.4624,1912, Nov, Mexico, MEX
17.2607,1912, Dec, Mexico, MEX
25.2118,1913, Jan, Mexico, MEX
18.672,1913, Feb, Mexico, MEX
22.5943,1913, Mar, Mexico, MEX
32.817,1913, Apr, Mexico, MEX
53.6223,1913, May, Mexico, MEX
158.812,1913, Jun, Mexico, MEX
113.793,1913, Jul, Mexico, MEX
68.0682,1913, Aug, Mexico, MEX
186.132,1913, Sep, Mexico, MEX
36.2244,1913, Oct, Mexico, MEX
38.6698,1913, Nov, Mexico, MEX
31.5218,1913, Dec, Mexico, MEX
18.944,1914, Jan, Mexico, MEX
9.65275,1914, Feb, Mexico, MEX
10.1653,1914, Mar, Mexico, MEX
27.6951,1914, Apr, Mexico, MEX
104.597,1914, May, Mexico, MEX
92.5771,1914, Jun, Mexico, MEX
83.2858,1914, Jul, Mexico, MEX
106.032,1914, Aug, Mexico, MEX
98.3552,1914, Sep, Mexico, MEX
99.0001,1914, Oct, Mexico, MEX
32.7338,1914, Nov, Mexico, MEX
42.3105,1914, Dec, Mexico, MEX
35.5478,1915, Jan, Mexico, MEX
14.006,1915, Feb, Mexico, MEX
25.7231,1915, Mar, Mexico, MEX
14.439,1915, Apr, Mexico, MEX
27.997,1915, May, Mexico, MEX
60.7744,1915, Jun, Mexico, MEX
124.178,1915, Jul, Mexico, MEX
95.0201,1915, Aug, Mexico, MEX
140.182,1915, Sep, Mexico, MEX
45.76,1915, Oct, Mexico, MEX
14.839,1915, Nov, Mexico, MEX
23.3777,1915, Dec, Mexico, MEX
28.703,1916, Jan, Mexico, MEX
12.3937,1916, Feb, Mexico, MEX
11.8697,1916, Mar, Mexico, MEX
15.3285,1916, Apr, Mexico, MEX
35.0346,1916, May, Mexico, MEX
69.9253,1916, Jun, Mexico, MEX
132.025,1916, Jul, Mexico, MEX
172.705,1916, Aug, Mexico, MEX
135.829,1916, Sep, Mexico, MEX
62.251,1916, Oct, Mexico, MEX
32.622,1916, Nov, Mexico, MEX
13.773,1916, Dec, Mexico, MEX
19.1218,1917, Jan, Mexico, MEX
21.5405,1917, Feb, Mexico, MEX
8.56549,1917, Mar, Mexico, MEX
8.89093,1917, Apr, Mexico, MEX
20.1249,1917, May, Mexico, MEX
41.7939,1917, Jun, Mexico, MEX
134.396,1917, Jul, Mexico, MEX
92.0777,1917, Aug, Mexico, MEX
81.6116,1917, Sep, Mexico, MEX
36.1254,1917, Oct, Mexico, MEX
21.6909,1917, Nov, Mexico, MEX
5.93054,1917, Dec, Mexico, MEX
22.1912,1918, Jan, Mexico, MEX
9.1823,1918, Feb, Mexico, MEX
20.8563,1918, Mar, Mexico, MEX
10.354,1918, Apr, Mexico, MEX
27.1973,1918, May, Mexico, MEX
93.3942,1918, Jun, Mexico, MEX
86.9855,1918, Jul, Mexico, MEX
124.64,1918, Aug, Mexico, MEX
92.7767,1918, Sep, Mexico, MEX
114.717,1918, Oct, Mexico, MEX
23.5494,1918, Nov, Mexico, MEX
29.6636,1918, Dec, Mexico, MEX
24.2004,1919, Jan, Mexico, MEX
12.651,1919, Feb, Mexico, MEX
16.9894,1919, Mar, Mexico, MEX
21.927,1919, Apr, Mexico, MEX
24.7426,1919, May, Mexico, MEX
104.685,1919, Jun, Mexico, MEX
173.098,1919, Jul, Mexico, MEX
103.531,1919, Aug, Mexico, MEX
175.882,1919, Sep, Mexico, MEX
139.234,1919, Oct, Mexico, MEX
57.2842,1919, Nov, Mexico, MEX
17.0891,1919, Dec, Mexico, MEX
27.8863,1920, Jan, Mexico, MEX
9.3305,1920, Feb, Mexico, MEX
6.03066,1920, Mar, Mexico, MEX
16.0283,1920, Apr, Mexico, MEX
50.497,1920, May, Mexico, MEX
103.895,1920, Jun, Mexico, MEX
83.798,1920, Jul, Mexico, MEX
121.982,1920, Aug, Mexico, MEX
76.4843,1920, Sep, Mexico, MEX
35.6099,1920, Oct, Mexico, MEX
19.5468,1920, Nov, Mexico, MEX
20.2113,1920, Dec, Mexico, MEX
4.0366,1921, Jan, Mexico, MEX
10.9948,1921, Feb, Mexico, MEX
7.19388,1921, Mar, Mexico, MEX
25.6129,1921, Apr, Mexico, MEX
37.5141,1921, May, Mexico, MEX
71.9063,1921, Jun, Mexico, MEX
134.441,1921, Jul, Mexico, MEX
99.3509,1921, Aug, Mexico, MEX
123.274,1921, Sep, Mexico, MEX
116.128,1921, Oct, Mexico, MEX
26.807,1921, Nov, Mexico, MEX
19.9509,1921, Dec, Mexico, MEX
10.4085,1922, Jan, Mexico, MEX
11.6014,1922, Feb, Mexico, MEX
13.4594,1922, Mar, Mexico, MEX
13.0495,1922, Apr, Mexico, MEX
29.3776,1922, May, Mexico, MEX
114.233,1922, Jun, Mexico, MEX
117.397,1922, Jul, Mexico, MEX
88.8643,1922, Aug, Mexico, MEX
162.148,1922, Sep, Mexico, MEX
83.0359,1922, Oct, Mexico, MEX
37.6599,1922, Nov, Mexico, MEX
10.091,1922, Dec, Mexico, MEX
10.4421,1923, Jan, Mexico, MEX
28.2423,1923, Feb, Mexico, MEX
27.578,1923, Mar, Mexico, MEX
9.32491,1923, Apr, Mexico, MEX
21.0259,1923, May, Mexico, MEX
99.0504,1923, Jun, Mexico, MEX
105.337,1923, Jul, Mexico, MEX
114.157,1923, Aug, Mexico, MEX
117.472,1923, Sep, Mexico, MEX
78.1164,1923, Oct, Mexico, MEX
41.8573,1923, Nov, Mexico, MEX
48.2655,1923, Dec, Mexico, MEX
19.3145,1924, Jan, Mexico, MEX
13.0755,1924, Feb, Mexico, MEX
9.01419,1924, Mar, Mexico, MEX
8.8119,1924, Apr, Mexico, MEX
53.3005,1924, May, Mexico, MEX
111.746,1924, Jun, Mexico, MEX
111.244,1924, Jul, Mexico, MEX
111.062,1924, Aug, Mexico, MEX
147.547,1924, Sep, Mexico, MEX
42.2644,1924, Oct, Mexico, MEX
8.29973,1924, Nov, Mexico, MEX
30.6979,1924, Dec, Mexico, MEX
28.1102,1925, Jan, Mexico, MEX
8.62444,1925, Feb, Mexico, MEX
16.5584,1925, Mar, Mexico, MEX
16.0938,1925, Apr, Mexico, MEX
44.0116,1925, May, Mexico, MEX
123.607,1925, Jun, Mexico, MEX
117.94,1925, Jul, Mexico, MEX
100.821,1925, Aug, Mexico, MEX
153.153,1925, Sep, Mexico, MEX
88.4907,1925, Oct, Mexico, MEX
46.095,1925, Nov, Mexico, MEX
70.3438,1925, Dec, Mexico, MEX
27.4981,1926, Jan, Mexico, MEX
5.9603,1926, Feb, Mexico, MEX
15.4215,1926, Mar, Mexico, MEX
21.3728,1926, Apr, Mexico, MEX
31.7006,1926, May, Mexico, MEX
112.203,1926, Jun, Mexico, MEX
148.581,1926, Jul, Mexico, MEX
123.606,1926, Aug, Mexico, MEX
128.795,1926, Sep, Mexico, MEX
98.7499,1926, Oct, Mexico, MEX
18.5704,1926, Nov, Mexico, MEX
26.8437,1926, Dec, Mexico, MEX
7.62126,1927, Jan, Mexico, MEX
25.3857,1927, Feb, Mexico, MEX
8.35655,1927, Mar, Mexico, MEX
19.4226,1927, Apr, Mexico, MEX
37.7606,1927, May, Mexico, MEX
134.279,1927, Jun, Mexico, MEX
119.798,1927, Jul, Mexico, MEX
96.6752,1927, Aug, Mexico, MEX
155.469,1927, Sep, Mexico, MEX
69.4191,1927, Oct, Mexico, MEX
20.1652,1927, Nov, Mexico, MEX
41.6927,1927, Dec, Mexico, MEX
29.057,1928, Jan, Mexico, MEX
20.3283,1928, Feb, Mexico, MEX
13.403,1928, Mar, Mexico, MEX
6.87871,1928, Apr, Mexico, MEX
40.9971,1928, May, Mexico, MEX
68.1513,1928, Jun, Mexico, MEX
122.991,1928, Jul, Mexico, MEX
112.56,1928, Aug, Mexico, MEX
158.512,1928, Sep, Mexico, MEX
59.4591,1928, Oct, Mexico, MEX
37.4094,1928, Nov, Mexico, MEX
21.6344,1928, Dec, Mexico, MEX
15.7041,1929, Jan, Mexico, MEX
3.20661,1929, Feb, Mexico, MEX
6.87033,1929, Mar, Mexico, MEX
4.62341,1929, Apr, Mexico, MEX
49.4753,1929, May, Mexico, MEX
83.4962,1929, Jun, Mexico, MEX
137.646,1929, Jul, Mexico, MEX
111.173,1929, Aug, Mexico, MEX
135.896,1929, Sep, Mexico, MEX
48.2809,1929, Oct, Mexico, MEX
42.3097,1929, Nov, Mexico, MEX
22.5644,1929, Dec, Mexico, MEX
22.9674,1930, Jan, Mexico, MEX
21.138,1930, Feb, Mexico, MEX
16.9914,1930, Mar, Mexico, MEX
15.3735,1930, Apr, Mexico, MEX
75.0079,1930, May, Mexico, MEX
110.716,1930, Jun, Mexico, MEX
116.078,1930, Jul, Mexico, MEX
89.6862,1930, Aug, Mexico, MEX
69.2624,1930, Sep, Mexico, MEX
136.28,1930, Oct, Mexico, MEX
43.6641,1930, Nov, Mexico, MEX
35.4551,1930, Dec, Mexico, MEX
45.622,1931, Jan, Mexico, MEX
35.6754,1931, Feb, Mexico, MEX
5.7121,1931, Mar, Mexico, MEX
13.8653,1931, Apr, Mexico, MEX
45.3749,1931, May, Mexico, MEX
102.181,1931, Jun, Mexico, MEX
193.749,1931, Jul, Mexico, MEX
124.037,1931, Aug, Mexico, MEX
119.563,1931, Sep, Mexico, MEX
56.6093,1931, Oct, Mexico, MEX
16.1401,1931, Nov, Mexico, MEX
47.6588,1931, Dec, Mexico, MEX
25.1502,1932, Jan, Mexico, MEX
22.1842,1932, Feb, Mexico, MEX
11.7249,1932, Mar, Mexico, MEX
11.2532,1932, Apr, Mexico, MEX
26.4755,1932, May, Mexico, MEX
91.9319,1932, Jun, Mexico, MEX
139.243,1932, Jul, Mexico, MEX
137.358,1932, Aug, Mexico, MEX
147.719,1932, Sep, Mexico, MEX
110.387,1932, Oct, Mexico, MEX
15.5278,1932, Nov, Mexico, MEX
42.4889,1932, Dec, Mexico, MEX
22.7957,1933, Jan, Mexico, MEX
18.1932,1933, Feb, Mexico, MEX
4.24662,1933, Mar, Mexico, MEX
12.199,1933, Apr, Mexico, MEX
46.7201,1933, May, Mexico, MEX
77.428,1933, Jun, Mexico, MEX
139.629,1933, Jul, Mexico, MEX
182.067,1933, Aug, Mexico, MEX
203.214,1933, Sep, Mexico, MEX
54.5889,1933, Oct, Mexico, MEX
16.5057,1933, Nov, Mexico, MEX
11.0269,1933, Dec, Mexico, MEX
18.5027,1934, Jan, Mexico, MEX
15.3259,1934, Feb, Mexico, MEX
17.7983,1934, Mar, Mexico, MEX
22.2484,1934, Apr, Mexico, MEX
63.3902,1934, May, Mexico, MEX
65.7352,1934, Jun, Mexico, MEX
118.53,1934, Jul, Mexico, MEX
119.644,1934, Aug, Mexico, MEX
145.796,1934, Sep, Mexico, MEX
45.5485,1934, Oct, Mexico, MEX
11.6259,1934, Nov, Mexico, MEX
22.5725,1934, Dec, Mexico, MEX
26.807,1935, Jan, Mexico, MEX
26.2128,1935, Feb, Mexico, MEX
15.8824,1935, Mar, Mexico, MEX
12.9935,1935, Apr, Mexico, MEX
43.2759,1935, May, Mexico, MEX
128.596,1935, Jun, Mexico, MEX
130.629,1935, Jul, Mexico, MEX
134.073,1935, Aug, Mexico, MEX
152.721,1935, Sep, Mexico, MEX
57.274,1935, Oct, Mexico, MEX
14.5278,1935, Nov, Mexico, MEX
30.0869,1935, Dec, Mexico, MEX
13.1746,1936, Jan, Mexico, MEX
6.67308,1936, Feb, Mexico, MEX
10.8731,1936, Mar, Mexico, MEX
18.8085,1936, Apr, Mexico, MEX
50.4817,1936, May, Mexico, MEX
77.6875,1936, Jun, Mexico, MEX
168.603,1936, Jul, Mexico, MEX
127.136,1936, Aug, Mexico, MEX
164.169,1936, Sep, Mexico, MEX
65.2932,1936, Oct, Mexico, MEX
32.593,1936, Nov, Mexico, MEX
26.4263,1936, Dec, Mexico, MEX
38.5431,1937, Jan, Mexico, MEX
20.2279,1937, Feb, Mexico, MEX
14.2721,1937, Mar, Mexico, MEX
19.2283,1937, Apr, Mexico, MEX
63.2183,1937, May, Mexico, MEX
99.8288,1937, Jun, Mexico, MEX
142.612,1937, Jul, Mexico, MEX
108.039,1937, Aug, Mexico, MEX
136.341,1937, Sep, Mexico, MEX
62.994,1937, Oct, Mexico, MEX
7.35859,1937, Nov, Mexico, MEX
43.7531,1937, Dec, Mexico, MEX
16.7193,1938, Jan, Mexico, MEX
23.0034,1938, Feb, Mexico, MEX
12.7966,1938, Mar, Mexico, MEX
15.3156,1938, Apr, Mexico, MEX
40.3475,1938, May, Mexico, MEX
120.38,1938, Jun, Mexico, MEX
139.572,1938, Jul, Mexico, MEX
110.221,1938, Aug, Mexico, MEX
133.044,1938, Sep, Mexico, MEX
28.1301,1938, Oct, Mexico, MEX
29.2221,1938, Nov, Mexico, MEX
13.8254,1938, Dec, Mexico, MEX
21.3722,1939, Jan, Mexico, MEX
5.17116,1939, Feb, Mexico, MEX
6.22115,1939, Mar, Mexico, MEX
19.6793,1939, Apr, Mexico, MEX
37.4642,1939, May, Mexico, MEX
98.9227,1939, Jun, Mexico, MEX
97.4655,1939, Jul, Mexico, MEX
105.288,1939, Aug, Mexico, MEX
132.296,1939, Sep, Mexico, MEX
84.7637,1939, Oct, Mexico, MEX
15.2747,1939, Nov, Mexico, MEX
33.9559,1939, Dec, Mexico, MEX
22.0498,1940, Jan, Mexico, MEX
8.19182,1940, Feb, Mexico, MEX
22.041,1940, Mar, Mexico, MEX
6.88207,1940, Apr, Mexico, MEX
38.0429,1940, May, Mexico, MEX
103.161,1940, Jun, Mexico, MEX
97.2139,1940, Jul, Mexico, MEX
110.078,1940, Aug, Mexico, MEX
71.2887,1940, Sep, Mexico, MEX
45.0484,1940, Oct, Mexico, MEX
45.4297,1940, Nov, Mexico, MEX
59.1788,1940, Dec, Mexico, MEX
18.4684,1941, Jan, Mexico, MEX
19.0346,1941, Feb, Mexico, MEX
20.3859,1941, Mar, Mexico, MEX
26.6505,1941, Apr, Mexico, MEX
57.4291,1941, May, Mexico, MEX
116.665,1941, Jun, Mexico, MEX
114.615,1941, Jul, Mexico, MEX
107.656,1941, Aug, Mexico, MEX
168.725,1941, Sep, Mexico, MEX
89.2758,1941, Oct, Mexico, MEX
42.2027,1941, Nov, Mexico, MEX
45.8156,1941, Dec, Mexico, MEX
12.8909,1942, Jan, Mexico, MEX
22.1667,1942, Feb, Mexico, MEX
9.71866,1942, Mar, Mexico, MEX
15.6155,1942, Apr, Mexico, MEX
31.2454,1942, May, Mexico, MEX
87.8905,1942, Jun, Mexico, MEX
118.51,1942, Jul, Mexico, MEX
167.507,1942, Aug, Mexico, MEX
145.47,1942, Sep, Mexico, MEX
40.2202,1942, Oct, Mexico, MEX
40.597,1942, Nov, Mexico, MEX
26.0083,1942, Dec, Mexico, MEX
24.0872,1943, Jan, Mexico, MEX
14.1898,1943, Feb, Mexico, MEX
12.9351,1943, Mar, Mexico, MEX
13.8628,1943, Apr, Mexico, MEX
41.2396,1943, May, Mexico, MEX
110.841,1943, Jun, Mexico, MEX
105.638,1943, Jul, Mexico, MEX
118.539,1943, Aug, Mexico, MEX
156.532,1943, Sep, Mexico, MEX
87.1989,1943, Oct, Mexico, MEX
26.8004,1943, Nov, Mexico, MEX
33.9811,1943, Dec, Mexico, MEX
20.4438,1944, Jan, Mexico, MEX
15.4486,1944, Feb, Mexico, MEX
24.7986,1944, Mar, Mexico, MEX
5.6502,1944, Apr, Mexico, MEX
27.5657,1944, May, Mexico, MEX
100.445,1944, Jun, Mexico, MEX
106.472,1944, Jul, Mexico, MEX
173.442,1944, Aug, Mexico, MEX
171.221,1944, Sep, Mexico, MEX
36.4871,1944, Oct, Mexico, MEX
27.5341,1944, Nov, Mexico, MEX
15.5451,1944, Dec, Mexico, MEX
17.599,1945, Jan, Mexico, MEX
14.6661,1945, Feb, Mexico, MEX
8.4144,1945, Mar, Mexico, MEX
9.11187,1945, Apr, Mexico, MEX
26.6237,1945, May, Mexico, MEX
61.9802,1945, Jun, Mexico, MEX
125.146,1945, Jul, Mexico, MEX
130.553,1945, Aug, Mexico, MEX
96.672,1945, Sep, Mexico, MEX
86.8767,1945, Oct, Mexico, MEX
10.8709,1945, Nov, Mexico, MEX
11.3033,1945, Dec, Mexico, MEX
31.0183,1946, Jan, Mexico, MEX
14.9984,1946, Feb, Mexico, MEX
5.75051,1946, Mar, Mexico, MEX
32.999,1946, Apr, Mexico, MEX
39.5981,1946, May, Mexico, MEX
98.0718,1946, Jun, Mexico, MEX
90.2628,1946, Jul, Mexico, MEX
120.225,1946, Aug, Mexico, MEX
132.191,1946, Sep, Mexico, MEX
103.819,1946, Oct, Mexico, MEX
38.9435,1946, Nov, Mexico, MEX
28.3835,1946, Dec, Mexico, MEX
28.3964,1947, Jan, Mexico, MEX
13.3512,1947, Feb, Mexico, MEX
11.791,1947, Mar, Mexico, MEX
17.6506,1947, Apr, Mexico, MEX
59.7682,1947, May, Mexico, MEX
88.8048,1947, Jun, Mexico, MEX
87.9202,1947, Jul, Mexico, MEX
163.013,1947, Aug, Mexico, MEX
114.833,1947, Sep, Mexico, MEX
67.721,1947, Oct, Mexico, MEX
50.6408,1947, Nov, Mexico, MEX
33.4701,1947, Dec, Mexico, MEX
20.7495,1948, Jan, Mexico, MEX
17.5613,1948, Feb, Mexico, MEX
10.0958,1948, Mar, Mexico, MEX
16.0035,1948, Apr, Mexico, MEX
46.115,1948, May, Mexico, MEX
113.703,1948, Jun, Mexico, MEX
143.622,1948, Jul, Mexico, MEX
89.5162,1948, Aug, Mexico, MEX
117.709,1948, Sep, Mexico, MEX
78.8334,1948, Oct, Mexico, MEX
38.0526,1948, Nov, Mexico, MEX
21.3386,1948, Dec, Mexico, MEX
39.0136,1949, Jan, Mexico, MEX
18.7759,1949, Feb, Mexico, MEX
9.44744,1949, Mar, Mexico, MEX
18.3685,1949, Apr, Mexico, MEX
31.7368,1949, May, Mexico, MEX
93.6957,1949, Jun, Mexico, MEX
104.879,1949, Jul, Mexico, MEX
88.7175,1949, Aug, Mexico, MEX
142.123,1949, Sep, Mexico, MEX
83.5044,1949, Oct, Mexico, MEX
5.9115,1949, Nov, Mexico, MEX
24.8933,1949, Dec, Mexico, MEX
20.6396,1950, Jan, Mexico, MEX
8.32447,1950, Feb, Mexico, MEX
20.3174,1950, Mar, Mexico, MEX
16.7029,1950, Apr, Mexico, MEX
44.7161,1950, May, Mexico, MEX
92.1139,1950, Jun, Mexico, MEX
143.807,1950, Jul, Mexico, MEX
93.63,1950, Aug, Mexico, MEX
109.874,1950, Sep, Mexico, MEX
81.2514,1950, Oct, Mexico, MEX
6.05989,1950, Nov, Mexico, MEX
4.20589,1950, Dec, Mexico, MEX
10.9485,1951, Jan, Mexico, MEX
4.94205,1951, Feb, Mexico, MEX
21.7621,1951, Mar, Mexico, MEX
8.12224,1951, Apr, Mexico, MEX
49.4596,1951, May, Mexico, MEX
87.7859,1951, Jun, Mexico, MEX
127.219,1951, Jul, Mexico, MEX
114.02,1951, Aug, Mexico, MEX
140.174,1951, Sep, Mexico, MEX
69.4047,1951, Oct, Mexico, MEX
22.5617,1951, Nov, Mexico, MEX
19.1174,1951, Dec, Mexico, MEX
8.56826,1952, Jan, Mexico, MEX
9.42581,1952, Feb, Mexico, MEX
18.9924,1952, Mar, Mexico, MEX
31.3104,1952, Apr, Mexico, MEX
50.0438,1952, May, Mexico, MEX
134.986,1952, Jun, Mexico, MEX
126.61,1952, Jul, Mexico, MEX
120.591,1952, Aug, Mexico, MEX
135.024,1952, Sep, Mexico, MEX
49.2065,1952, Oct, Mexico, MEX
32.9274,1952, Nov, Mexico, MEX
20.7282,1952, Dec, Mexico, MEX
3.22727,1953, Jan, Mexico, MEX
16.361,1953, Feb, Mexico, MEX
10.5139,1953, Mar, Mexico, MEX
11.306,1953, Apr, Mexico, MEX
27.7965,1953, May, Mexico, MEX
78.6272,1953, Jun, Mexico, MEX
117.513,1953, Jul, Mexico, MEX
120.491,1953, Aug, Mexico, MEX
84.3004,1953, Sep, Mexico, MEX
98.6196,1953, Oct, Mexico, MEX
22.6496,1953, Nov, Mexico, MEX
22.9302,1953, Dec, Mexico, MEX
17.2241,1954, Jan, Mexico, MEX
9.15496,1954, Feb, Mexico, MEX
9.10499,1954, Mar, Mexico, MEX
25.6424,1954, Apr, Mexico, MEX
54.3778,1954, May, Mexico, MEX
116.336,1954, Jun, Mexico, MEX
129.384,1954, Jul, Mexico, MEX
123.002,1954, Aug, Mexico, MEX
134.179,1954, Sep, Mexico, MEX
96.9715,1954, Oct, Mexico, MEX
12.9666,1954, Nov, Mexico, MEX
6.67699,1954, Dec, Mexico, MEX
29.4622,1955, Jan, Mexico, MEX
11.1834,1955, Feb, Mexico, MEX
4.02732,1955, Mar, Mexico, MEX
4.7259,1955, Apr, Mexico, MEX
19.5103,1955, May, Mexico, MEX
72.6092,1955, Jun, Mexico, MEX
185.641,1955, Jul, Mexico, MEX
156.99,1955, Aug, Mexico, MEX
167.435,1955, Sep, Mexico, MEX
100.468,1955, Oct, Mexico, MEX
26.9785,1955, Nov, Mexico, MEX
20.9624,1955, Dec, Mexico, MEX
13.6765,1956, Jan, Mexico, MEX
9.35434,1956, Feb, Mexico, MEX
6.53442,1956, Mar, Mexico, MEX
17.3667,1956, Apr, Mexico, MEX
70.9952,1956, May, Mexico, MEX
123.216,1956, Jun, Mexico, MEX
120.231,1956, Jul, Mexico, MEX
91.5591,1956, Aug, Mexico, MEX
119.226,1956, Sep, Mexico, MEX
42.7062,1956, Oct, Mexico, MEX
21.4684,1956, Nov, Mexico, MEX
11.684,1956, Dec, Mexico, MEX
24.6653,1957, Jan, Mexico, MEX
23.9837,1957, Feb, Mexico, MEX
26.047,1957, Mar, Mexico, MEX
20.7574,1957, Apr, Mexico, MEX
35.7273,1957, May, Mexico, MEX
77.8903,1957, Jun, Mexico, MEX
96.9738,1957, Jul, Mexico, MEX
103.346,1957, Aug, Mexico, MEX
124.48,1957, Sep, Mexico, MEX
64.9588,1957, Oct, Mexico, MEX
17.7604,1957, Nov, Mexico, MEX
13.477,1957, Dec, Mexico, MEX
37.6828,1958, Jan, Mexico, MEX
24.5883,1958, Feb, Mexico, MEX
21.854,1958, Mar, Mexico, MEX
10.5276,1958, Apr, Mexico, MEX
45.4673,1958, May, Mexico, MEX
148.358,1958, Jun, Mexico, MEX
151.508,1958, Jul, Mexico, MEX
123.349,1958, Aug, Mexico, MEX
199.886,1958, Sep, Mexico, MEX
129.953,1958, Oct, Mexico, MEX
54.0101,1958, Nov, Mexico, MEX
26.5341,1958, Dec, Mexico, MEX
15.2526,1959, Jan, Mexico, MEX
18.1252,1959, Feb, Mexico, MEX
8.59992,1959, Mar, Mexico, MEX
33.3665,1959, Apr, Mexico, MEX
35.5967,1959, May, Mexico, MEX
119.468,1959, Jun, Mexico, MEX
120.741,1959, Jul, Mexico, MEX
137.505,1959, Aug, Mexico, MEX
84.9934,1959, Sep, Mexico, MEX
125.576,1959, Oct, Mexico, MEX
30.1439,1959, Nov, Mexico, MEX
23.0067,1959, Dec, Mexico, MEX
34.8876,1960, Jan, Mexico, MEX
7.30052,1960, Feb, Mexico, MEX
5.1719,1960, Mar, Mexico, MEX
16.0961,1960, Apr, Mexico, MEX
26.8264,1960, May, Mexico, MEX
71.8029,1960, Jun, Mexico, MEX
146.827,1960, Jul, Mexico, MEX
151.484,1960, Aug, Mexico, MEX
101.552,1960, Sep, Mexico, MEX
91.7317,1960, Oct, Mexico, MEX
24.9585,1960, Nov, Mexico, MEX
24.06,1960, Dec, Mexico, MEX
45.1875,1961, Jan, Mexico, MEX
9.68158,1961, Feb, Mexico, MEX
14.0563,1961, Mar, Mexico, MEX
13.8398,1961, Apr, Mexico, MEX
26.1548,1961, May, Mexico, MEX
138.889,1961, Jun, Mexico, MEX
147.366,1961, Jul, Mexico, MEX
105.717,1961, Aug, Mexico, MEX
112.994,1961, Sep, Mexico, MEX
58.2055,1961, Oct, Mexico, MEX
45.473,1961, Nov, Mexico, MEX
20.3014,1961, Dec, Mexico, MEX
16.9566,1962, Jan, Mexico, MEX
4.42326,1962, Feb, Mexico, MEX
9.14313,1962, Mar, Mexico, MEX
27.8703,1962, Apr, Mexico, MEX
21.3473,1962, May, Mexico, MEX
109.518,1962, Jun, Mexico, MEX
99.9558,1962, Jul, Mexico, MEX
97.198,1962, Aug, Mexico, MEX
144.755,1962, Sep, Mexico, MEX
80.5116,1962, Oct, Mexico, MEX
20.7336,1962, Nov, Mexico, MEX
18.7624,1962, Dec, Mexico, MEX
10.5164,1963, Jan, Mexico, MEX
16.1368,1963, Feb, Mexico, MEX
12.6243,1963, Mar, Mexico, MEX
10.9742,1963, Apr, Mexico, MEX
32.3534,1963, May, Mexico, MEX
89.6543,1963, Jun, Mexico, MEX
164.721,1963, Jul, Mexico, MEX
112.764,1963, Aug, Mexico, MEX
141.57,1963, Sep, Mexico, MEX
51.3829,1963, Oct, Mexico, MEX
35.8668,1963, Nov, Mexico, MEX
33.6947,1963, Dec, Mexico, MEX
16.824,1964, Jan, Mexico, MEX
5.49168,1964, Feb, Mexico, MEX
15.9546,1964, Mar, Mexico, MEX
11.0264,1964, Apr, Mexico, MEX
52.6412,1964, May, Mexico, MEX
100.355,1964, Jun, Mexico, MEX
120.206,1964, Jul, Mexico, MEX
96.8647,1964, Aug, Mexico, MEX
143.562,1964, Sep, Mexico, MEX
50.3574,1964, Oct, Mexico, MEX
29.0979,1964, Nov, Mexico, MEX
28.6778,1964, Dec, Mexico, MEX
18.9468,1965, Jan, Mexico, MEX
26.8601,1965, Feb, Mexico, MEX
10.015,1965, Mar, Mexico, MEX
16.8054,1965, Apr, Mexico, MEX
30.0504,1965, May, Mexico, MEX
82.6223,1965, Jun, Mexico, MEX
104.08,1965, Jul, Mexico, MEX
146.547,1965, Aug, Mexico, MEX
113.055,1965, Sep, Mexico, MEX
87.7397,1965, Oct, Mexico, MEX
23.0057,1965, Nov, Mexico, MEX
54.7474,1965, Dec, Mexico, MEX
23.5087,1966, Jan, Mexico, MEX
23.8132,1966, Feb, Mexico, MEX
17.9975,1966, Mar, Mexico, MEX
32.5001,1966, Apr, Mexico, MEX
55.8087,1966, May, Mexico, MEX
125.41,1966, Jun, Mexico, MEX
123.495,1966, Jul, Mexico, MEX
148.012,1966, Aug, Mexico, MEX
122.979,1966, Sep, Mexico, MEX
95.6229,1966, Oct, Mexico, MEX
11.8715,1966, Nov, Mexico, MEX
10.8004,1966, Dec, Mexico, MEX
29.7926,1967, Jan, Mexico, MEX
10.152,1967, Feb, Mexico, MEX
16.7212,1967, Mar, Mexico, MEX
23.1563,1967, Apr, Mexico, MEX
25.7289,1967, May, Mexico, MEX
103.536,1967, Jun, Mexico, MEX
90.078,1967, Jul, Mexico, MEX
171.171,1967, Aug, Mexico, MEX
172.61,1967, Sep, Mexico, MEX
83.8744,1967, Oct, Mexico, MEX
26.8347,1967, Nov, Mexico, MEX
41.3913,1967, Dec, Mexico, MEX
29.7509,1968, Jan, Mexico, MEX
29.6051,1968, Feb, Mexico, MEX
28.1843,1968, Mar, Mexico, MEX
25.0384,1968, Apr, Mexico, MEX
50.4121,1968, May, Mexico, MEX
97.6816,1968, Jun, Mexico, MEX
136.34,1968, Jul, Mexico, MEX
120.717,1968, Aug, Mexico, MEX
130.975,1968, Sep, Mexico, MEX
77.5473,1968, Oct, Mexico, MEX
29.5368,1968, Nov, Mexico, MEX
24.7507,1968, Dec, Mexico, MEX
19.0868,1969, Jan, Mexico, MEX
13.0926,1969, Feb, Mexico, MEX
11.8671,1969, Mar, Mexico, MEX
16.8199,1969, Apr, Mexico, MEX
31.2622,1969, May, Mexico, MEX
61.0992,1969, Jun, Mexico, MEX
155.216,1969, Jul, Mexico, MEX
188.27,1969, Aug, Mexico, MEX
141.995,1969, Sep, Mexico, MEX
73.5179,1969, Oct, Mexico, MEX
25.0428,1969, Nov, Mexico, MEX
23.4635,1969, Dec, Mexico, MEX
14.3192,1970, Jan, Mexico, MEX
21.3578,1970, Feb, Mexico, MEX
11.2451,1970, Mar, Mexico, MEX
7.55236,1970, Apr, Mexico, MEX
23.1958,1970, May, Mexico, MEX
122.522,1970, Jun, Mexico, MEX
139.567,1970, Jul, Mexico, MEX
134.882,1970, Aug, Mexico, MEX
185.871,1970, Sep, Mexico, MEX
47.1154,1970, Oct, Mexico, MEX
15.1768,1970, Nov, Mexico, MEX
7.87549,1970, Dec, Mexico, MEX
9.57624,1971, Jan, Mexico, MEX
5.77147,1971, Feb, Mexico, MEX
8.36628,1971, Mar, Mexico, MEX
9.17787,1971, Apr, Mexico, MEX
32.5194,1971, May, Mexico, MEX
115.601,1971, Jun, Mexico, MEX
107.053,1971, Jul, Mexico, MEX
161.986,1971, Aug, Mexico, MEX
151.893,1971, Sep, Mexico, MEX
113.204,1971, Oct, Mexico, MEX
28.5041,1971, Nov, Mexico, MEX
19.0798,1971, Dec, Mexico, MEX
24.5757,1972, Jan, Mexico, MEX
7.00209,1972, Feb, Mexico, MEX
15.1779,1972, Mar, Mexico, MEX
14.2995,1972, Apr, Mexico, MEX
56.6224,1972, May, Mexico, MEX
136.186,1972, Jun, Mexico, MEX
134.641,1972, Jul, Mexico, MEX
112.877,1972, Aug, Mexico, MEX
110.013,1972, Sep, Mexico, MEX
65.7653,1972, Oct, Mexico, MEX
57.0825,1972, Nov, Mexico, MEX
23.3462,1972, Dec, Mexico, MEX
20.0054,1973, Jan, Mexico, MEX
37.0036,1973, Feb, Mexico, MEX
8.66001,1973, Mar, Mexico, MEX
14.6634,1973, Apr, Mexico, MEX
39.8738,1973, May, Mexico, MEX
116.656,1973, Jun, Mexico, MEX
138.193,1973, Jul, Mexico, MEX
196.841,1973, Aug, Mexico, MEX
122.181,1973, Sep, Mexico, MEX
95.1817,1973, Oct, Mexico, MEX
20.2819,1973, Nov, Mexico, MEX
15.7516,1973, Dec, Mexico, MEX
20.8281,1974, Jan, Mexico, MEX
6.82416,1974, Feb, Mexico, MEX
17.8332,1974, Mar, Mexico, MEX
15.3492,1974, Apr, Mexico, MEX
44.5541,1974, May, Mexico, MEX
110.341,1974, Jun, Mexico, MEX
128.49,1974, Jul, Mexico, MEX
103.864,1974, Aug, Mexico, MEX
171.905,1974, Sep, Mexico, MEX
39.6965,1974, Oct, Mexico, MEX
28.3713,1974, Nov, Mexico, MEX
19.9626,1974, Dec, Mexico, MEX
25.7066,1975, Jan, Mexico, MEX
10.4048,1975, Feb, Mexico, MEX
6.96661,1975, Mar, Mexico, MEX
4.55683,1975, Apr, Mexico, MEX
43.4259,1975, May, Mexico, MEX
73.0399,1975, Jun, Mexico, MEX
165.982,1975, Jul, Mexico, MEX
129.031,1975, Aug, Mexico, MEX
130.038,1975, Sep, Mexico, MEX
71.6232,1975, Oct, Mexico, MEX
22.3168,1975, Nov, Mexico, MEX
16.4665,1975, Dec, Mexico, MEX
13.7926,1976, Jan, Mexico, MEX
11.5486,1976, Feb, Mexico, MEX
7.65587,1976, Mar, Mexico, MEX
24.4394,1976, Apr, Mexico, MEX
38.8456,1976, May, Mexico, MEX
113.476,1976, Jun, Mexico, MEX
177.468,1976, Jul, Mexico, MEX
117.576,1976, Aug, Mexico, MEX
136.946,1976, Sep, Mexico, MEX
88.9328,1976, Oct, Mexico, MEX
62.9291,1976, Nov, Mexico, MEX
28.5537,1976, Dec, Mexico, MEX
18.4333,1977, Jan, Mexico, MEX
11.5168,1977, Feb, Mexico, MEX
8.12748,1977, Mar, Mexico, MEX
22.6246,1977, Apr, Mexico, MEX
36.5097,1977, May, Mexico, MEX
101.956,1977, Jun, Mexico, MEX
100.631,1977, Jul, Mexico, MEX
127.256,1977, Aug, Mexico, MEX
103.122,1977, Sep, Mexico, MEX
71.6372,1977, Oct, Mexico, MEX
20.233,1977, Nov, Mexico, MEX
22.3055,1977, Dec, Mexico, MEX
19.6911,1978, Jan, Mexico, MEX
23.4542,1978, Feb, Mexico, MEX
22.3626,1978, Mar, Mexico, MEX
8.83807,1978, Apr, Mexico, MEX
51.4492,1978, May, Mexico, MEX
100.754,1978, Jun, Mexico, MEX
131.156,1978, Jul, Mexico, MEX
126.318,1978, Aug, Mexico, MEX
185.14,1978, Sep, Mexico, MEX
92.8046,1978, Oct, Mexico, MEX
24.5034,1978, Nov, Mexico, MEX
36.0584,1978, Dec, Mexico, MEX
34.2554,1979, Jan, Mexico, MEX
15.3558,1979, Feb, Mexico, MEX
14.0054,1979, Mar, Mexico, MEX
27.1083,1979, Apr, Mexico, MEX
33.2978,1979, May, Mexico, MEX
81.0074,1979, Jun, Mexico, MEX
124.501,1979, Jul, Mexico, MEX
129.638,1979, Aug, Mexico, MEX
124.266,1979, Sep, Mexico, MEX
36.8487,1979, Oct, Mexico, MEX
18.0907,1979, Nov, Mexico, MEX
33.1143,1979, Dec, Mexico, MEX
33.7047,1980, Jan, Mexico, MEX
21.643,1980, Feb, Mexico, MEX
6.88581,1980, Mar, Mexico, MEX
16.7427,1980, Apr, Mexico, MEX
28.6665,1980, May, Mexico, MEX
67.2774,1980, Jun, Mexico, MEX
108.258,1980, Jul, Mexico, MEX
158.926,1980, Aug, Mexico, MEX
148.949,1980, Sep, Mexico, MEX
60.5361,1980, Oct, Mexico, MEX
29.6333,1980, Nov, Mexico, MEX
18.2017,1980, Dec, Mexico, MEX
51.3193,1981, Jan, Mexico, MEX
16.4305,1981, Feb, Mexico, MEX
23.3263,1981, Mar, Mexico, MEX
35.2208,1981, Apr, Mexico, MEX
47.9556,1981, May, Mexico, MEX
139.829,1981, Jun, Mexico, MEX
159.292,1981, Jul, Mexico, MEX
143.897,1981, Aug, Mexico, MEX
116.155,1981, Sep, Mexico, MEX
95.6131,1981, Oct, Mexico, MEX
10.8779,1981, Nov, Mexico, MEX
15.9538,1981, Dec, Mexico, MEX
15.276,1982, Jan, Mexico, MEX
18.0393,1982, Feb, Mexico, MEX
11.6956,1982, Mar, Mexico, MEX
24.0848,1982, Apr, Mexico, MEX
55.5219,1982, May, Mexico, MEX
57.3595,1982, Jun, Mexico, MEX
100.338,1982, Jul, Mexico, MEX
80.028,1982, Aug, Mexico, MEX
110.474,1982, Sep, Mexico, MEX
70.1137,1982, Oct, Mexico, MEX
44.2645,1982, Nov, Mexico, MEX
49.3389,1982, Dec, Mexico, MEX
29.8378,1983, Jan, Mexico, MEX
39.4193,1983, Feb, Mexico, MEX
40.4402,1983, Mar, Mexico, MEX
10.1803,1983, Apr, Mexico, MEX
36.6823,1983, May, Mexico, MEX
70.7417,1983, Jun, Mexico, MEX
143.643,1983, Jul, Mexico, MEX
136.472,1983, Aug, Mexico, MEX
148.423,1983, Sep, Mexico, MEX
74.1769,1983, Oct, Mexico, MEX
39.0628,1983, Nov, Mexico, MEX
23.4072,1983, Dec, Mexico, MEX
44.0471,1984, Jan, Mexico, MEX
9.6874,1984, Feb, Mexico, MEX
7.10655,1984, Mar, Mexico, MEX
4.22519,1984, Apr, Mexico, MEX
80.3633,1984, May, Mexico, MEX
133.063,1984, Jun, Mexico, MEX
184.147,1984, Jul, Mexico, MEX
134.667,1984, Aug, Mexico, MEX
156.004,1984, Sep, Mexico, MEX
43.4347,1984, Oct, Mexico, MEX
19.0072,1984, Nov, Mexico, MEX
48.8636,1984, Dec, Mexico, MEX
30.5203,1985, Jan, Mexico, MEX
13.2723,1985, Feb, Mexico, MEX
13.3962,1985, Mar, Mexico, MEX
37.6427,1985, Apr, Mexico, MEX
37.8104,1985, May, Mexico, MEX
134.848,1985, Jun, Mexico, MEX
140.36,1985, Jul, Mexico, MEX
122.158,1985, Aug, Mexico, MEX
105.512,1985, Sep, Mexico, MEX
76.8027,1985, Oct, Mexico, MEX
30.8398,1985, Nov, Mexico, MEX
21.8414,1985, Dec, Mexico, MEX
18.6996,1986, Jan, Mexico, MEX
14.2041,1986, Feb, Mexico, MEX
9.74572,1986, Mar, Mexico, MEX
18.9803,1986, Apr, Mexico, MEX
67.6419,1986, May, Mexico, MEX
115.732,1986, Jun, Mexico, MEX
112.19,1986, Jul, Mexico, MEX
104.784,1986, Aug, Mexico, MEX
118.16,1986, Sep, Mexico, MEX
79.0045,1986, Oct, Mexico, MEX
32.6052,1986, Nov, Mexico, MEX
32.1259,1986, Dec, Mexico, MEX
16.5682,1987, Jan, Mexico, MEX
18.6766,1987, Feb, Mexico, MEX
13.5339,1987, Mar, Mexico, MEX
17.3607,1987, Apr, Mexico, MEX
36.0905,1987, May, Mexico, MEX
100.224,1987, Jun, Mexico, MEX
150.81,1987, Jul, Mexico, MEX
111.483,1987, Aug, Mexico, MEX
110.903,1987, Sep, Mexico, MEX
20.1766,1987, Oct, Mexico, MEX
17.6669,1987, Nov, Mexico, MEX
22.8373,1987, Dec, Mexico, MEX
23.3495,1988, Jan, Mexico, MEX
9.22645,1988, Feb, Mexico, MEX
13.1697,1988, Mar, Mexico, MEX
13.4554,1988, Apr, Mexico, MEX
19.9026,1988, May, Mexico, MEX
124.781,1988, Jun, Mexico, MEX
150.829,1988, Jul, Mexico, MEX
180.049,1988, Aug, Mexico, MEX
139.557,1988, Sep, Mexico, MEX
47.0625,1988, Oct, Mexico, MEX
11.1816,1988, Nov, Mexico, MEX
16.2395,1988, Dec, Mexico, MEX
21.1816,1989, Jan, Mexico, MEX
19.7683,1989, Feb, Mexico, MEX
8.01629,1989, Mar, Mexico, MEX
18.014,1989, Apr, Mexico, MEX
28.5505,1989, May, Mexico, MEX
74.449,1989, Jun, Mexico, MEX
115.519,1989, Jul, Mexico, MEX
152.344,1989, Aug, Mexico, MEX
132.621,1989, Sep, Mexico, MEX
60.6137,1989, Oct, Mexico, MEX
34.0425,1989, Nov, Mexico, MEX
34.0645,1989, Dec, Mexico, MEX
17.1487,1990, Jan, Mexico, MEX
21.6718,1990, Feb, Mexico, MEX
17.236,1990, Mar, Mexico, MEX
23.7035,1990, Apr, Mexico, MEX
43.3246,1990, May, Mexico, MEX
95.5089,1990, Jun, Mexico, MEX
171.134,1990, Jul, Mexico, MEX
129.465,1990, Aug, Mexico, MEX
132.223,1990, Sep, Mexico, MEX
81.5123,1990, Oct, Mexico, MEX
33.1325,1990, Nov, Mexico, MEX
37.4345,1990, Dec, Mexico, MEX
19.3818,1991, Jan, Mexico, MEX
21.6079,1991, Feb, Mexico, MEX
8.6092,1991, Mar, Mexico, MEX
7.30267,1991, Apr, Mexico, MEX
33.0832,1991, May, Mexico, MEX
98.9277,1991, Jun, Mexico, MEX
138.558,1991, Jul, Mexico, MEX
105.655,1991, Aug, Mexico, MEX
144.175,1991, Sep, Mexico, MEX
74.0108,1991, Oct, Mexico, MEX
33.1988,1991, Nov, Mexico, MEX
56.6471,1991, Dec, Mexico, MEX
53.1998,1992, Jan, Mexico, MEX
27.1726,1992, Feb, Mexico, MEX
22.9644,1992, Mar, Mexico, MEX
25.2415,1992, Apr, Mexico, MEX
56.9433,1992, May, Mexico, MEX
72.8898,1992, Jun, Mexico, MEX
140.025,1992, Jul, Mexico, MEX
116.161,1992, Aug, Mexico, MEX
108.563,1992, Sep, Mexico, MEX
67.2127,1992, Oct, Mexico, MEX
38.7164,1992, Nov, Mexico, MEX
29.0819,1992, Dec, Mexico, MEX
32.5159,1993, Jan, Mexico, MEX
18.627,1993, Feb, Mexico, MEX
9.33465,1993, Mar, Mexico, MEX
14.9863,1993, Apr, Mexico, MEX
33.4358,1993, May, Mexico, MEX
149.326,1993, Jun, Mexico, MEX
113.45,1993, Jul, Mexico, MEX
123.753,1993, Aug, Mexico, MEX
159.158,1993, Sep, Mexico, MEX
56.1649,1993, Oct, Mexico, MEX
27.0245,1993, Nov, Mexico, MEX
11.7534,1993, Dec, Mexico, MEX
21.8306,1994, Jan, Mexico, MEX
13.5478,1994, Feb, Mexico, MEX
13.9908,1994, Mar, Mexico, MEX
14.5848,1994, Apr, Mexico, MEX
32.0324,1994, May, Mexico, MEX
87.5602,1994, Jun, Mexico, MEX
81.2204,1994, Jul, Mexico, MEX
126.339,1994, Aug, Mexico, MEX
101.05,1994, Sep, Mexico, MEX
75.316,1994, Oct, Mexico, MEX
28.4977,1994, Nov, Mexico, MEX
35.3106,1994, Dec, Mexico, MEX
14.3864,1995, Jan, Mexico, MEX
18.7635,1995, Feb, Mexico, MEX
13.1374,1995, Mar, Mexico, MEX
17.7593,1995, Apr, Mexico, MEX
34.9718,1995, May, Mexico, MEX
81.3112,1995, Jun, Mexico, MEX
130.541,1995, Jul, Mexico, MEX
172.258,1995, Aug, Mexico, MEX
127.358,1995, Sep, Mexico, MEX
68.0187,1995, Oct, Mexico, MEX
22.3576,1995, Nov, Mexico, MEX
25.0697,1995, Dec, Mexico, MEX
12.0088,1996, Jan, Mexico, MEX
6.80761,1996, Feb, Mexico, MEX
8.80034,1996, Mar, Mexico, MEX
18.8121,1996, Apr, Mexico, MEX
33.7133,1996, May, Mexico, MEX
114.191,1996, Jun, Mexico, MEX
112.512,1996, Jul, Mexico, MEX
159.826,1996, Aug, Mexico, MEX
112.534,1996, Sep, Mexico, MEX
79.4189,1996, Oct, Mexico, MEX
25.4559,1996, Nov, Mexico, MEX
10.5484,1996, Dec, Mexico, MEX
16.8112,1997, Jan, Mexico, MEX
15.953,1997, Feb, Mexico, MEX
27.0638,1997, Mar, Mexico, MEX
39.878,1997, Apr, Mexico, MEX
48.6229,1997, May, Mexico, MEX
86.4885,1997, Jun, Mexico, MEX
94.3363,1997, Jul, Mexico, MEX
92.1918,1997, Aug, Mexico, MEX
114.347,1997, Sep, Mexico, MEX
85.0916,1997, Oct, Mexico, MEX
56.6182,1997, Nov, Mexico, MEX
32.1462,1997, Dec, Mexico, MEX
9.43575,1998, Jan, Mexico, MEX
18.5928,1998, Feb, Mexico, MEX
10.2564,1998, Mar, Mexico, MEX
5.81997,1998, Apr, Mexico, MEX
13.3413,1998, May, Mexico, MEX
73.4987,1998, Jun, Mexico, MEX
122.131,1998, Jul, Mexico, MEX
135.67,1998, Aug, Mexico, MEX
196.104,1998, Sep, Mexico, MEX
103.966,1998, Oct, Mexico, MEX
58.9935,1998, Nov, Mexico, MEX
8.83849,1998, Dec, Mexico, MEX
6.13914,1999, Jan, Mexico, MEX
5.18115,1999, Feb, Mexico, MEX
9.11543,1999, Mar, Mexico, MEX
8.51514,1999, Apr, Mexico, MEX
25.626,1999, May, Mexico, MEX
137.27,1999, Jun, Mexico, MEX
178.559,1999, Jul, Mexico, MEX
135.156,1999, Aug, Mexico, MEX
139.363,1999, Sep, Mexico, MEX
82.7172,1999, Oct, Mexico, MEX
17.2365,1999, Nov, Mexico, MEX
17.3225,1999, Dec, Mexico, MEX
10.1418,2000, Jan, Mexico, MEX
6.59216,2000, Feb, Mexico, MEX
13.0908,2000, Mar, Mexico, MEX
9.85043,2000, Apr, Mexico, MEX
62.221,2000, May, Mexico, MEX
136.613,2000, Jun, Mexico, MEX
91.8384,2000, Jul, Mexico, MEX
120.477,2000, Aug, Mexico, MEX
120.407,2000, Sep, Mexico, MEX
91.9443,2000, Oct, Mexico, MEX
31.0509,2000, Nov, Mexico, MEX
12.6366,2000, Dec, Mexico, MEX
13.6611,2001, Jan, Mexico, MEX
19.0045,2001, Feb, Mexico, MEX
20.3874,2001, Mar, Mexico, MEX
20.8706,2001, Apr, Mexico, MEX
49.9957,2001, May, Mexico, MEX
79.3076,2001, Jun, Mexico, MEX
117.887,2001, Jul, Mexico, MEX
117.412,2001, Aug, Mexico, MEX
128.41,2001, Sep, Mexico, MEX
61.0419,2001, Oct, Mexico, MEX
21.4577,2001, Nov, Mexico, MEX
20.7495,2001, Dec, Mexico, MEX
12.7855,2002, Jan, Mexico, MEX
24.3067,2002, Feb, Mexico, MEX
7.39369,2002, Mar, Mexico, MEX
8.31951,2002, Apr, Mexico, MEX
34.2564,2002, May, Mexico, MEX
97.2558,2002, Jun, Mexico, MEX
118.878,2002, Jul, Mexico, MEX
92.2913,2002, Aug, Mexico, MEX
160.507,2002, Sep, Mexico, MEX
92.1841,2002, Oct, Mexico, MEX
39.4698,2002, Nov, Mexico, MEX
21.723,2002, Dec, Mexico, MEX
13.1493,2003, Jan, Mexico, MEX
19.3051,2003, Feb, Mexico, MEX
13.6967,2003, Mar, Mexico, MEX
11.7608,2003, Apr, Mexico, MEX
30.5891,2003, May, Mexico, MEX
117.284,2003, Jun, Mexico, MEX
114.022,2003, Jul, Mexico, MEX
121.925,2003, Aug, Mexico, MEX
167.206,2003, Sep, Mexico, MEX
106.058,2003, Oct, Mexico, MEX
33.6476,2003, Nov, Mexico, MEX
14.4925,2003, Dec, Mexico, MEX
40.183,2004, Jan, Mexico, MEX
13.293,2004, Feb, Mexico, MEX
31.0414,2004, Mar, Mexico, MEX
27.8222,2004, Apr, Mexico, MEX
68.536,2004, May, Mexico, MEX
109.565,2004, Jun, Mexico, MEX
123.489,2004, Jul, Mexico, MEX
103.589,2004, Aug, Mexico, MEX
170.047,2004, Sep, Mexico, MEX
108.9,2004, Oct, Mexico, MEX
21.0458,2004, Nov, Mexico, MEX
10.6321,2004, Dec, Mexico, MEX
21.6103,2005, Jan, Mexico, MEX
30.1686,2005, Feb, Mexico, MEX
12.2342,2005, Mar, Mexico, MEX
12.7918,2005, Apr, Mexico, MEX
52.1414,2005, May, Mexico, MEX
71.1625,2005, Jun, Mexico, MEX
140.773,2005, Jul, Mexico, MEX
141.453,2005, Aug, Mexico, MEX
101.433,2005, Sep, Mexico, MEX
100.184,2005, Oct, Mexico, MEX
16.5512,2005, Nov, Mexico, MEX
9.87734,2005, Dec, Mexico, MEX
17.1158,2006, Jan, Mexico, MEX
5.59025,2006, Feb, Mexico, MEX
9.78203,2006, Mar, Mexico, MEX
11.6098,2006, Apr, Mexico, MEX
67.0339,2006, May, Mexico, MEX
86.0983,2006, Jun, Mexico, MEX
144.279,2006, Jul, Mexico, MEX
162.13,2006, Aug, Mexico, MEX
144.798,2006, Sep, Mexico, MEX
94.9119,2006, Oct, Mexico, MEX
29.2344,2006, Nov, Mexico, MEX
25.5578,2006, Dec, Mexico, MEX
35.4056,2007, Jan, Mexico, MEX
16.7486,2007, Feb, Mexico, MEX
8.33962,2007, Mar, Mexico, MEX
13.402,2007, Apr, Mexico, MEX
43.7315,2007, May, Mexico, MEX
107.989,2007, Jun, Mexico, MEX
146.935,2007, Jul, Mexico, MEX
158.258,2007, Aug, Mexico, MEX
137.779,2007, Sep, Mexico, MEX
69.6248,2007, Oct, Mexico, MEX
21.4256,2007, Nov, Mexico, MEX
12.5317,2007, Dec, Mexico, MEX
10.5386,2008, Jan, Mexico, MEX
11.0587,2008, Feb, Mexico, MEX
11.6483,2008, Mar, Mexico, MEX
20.7416,2008, Apr, Mexico, MEX
33.4193,2008, May, Mexico, MEX
100.893,2008, Jun, Mexico, MEX
174.715,2008, Jul, Mexico, MEX
165.819,2008, Aug, Mexico, MEX
156.624,2008, Sep, Mexico, MEX
75.0412,2008, Oct, Mexico, MEX
8.8624,2008, Nov, Mexico, MEX
6.60189,2008, Dec, Mexico, MEX
12.0118,2009, Jan, Mexico, MEX
8.90083,2009, Feb, Mexico, MEX
9.24687,2009, Mar, Mexico, MEX
7.88955,2009, Apr, Mexico, MEX
46.1481,2009, May, Mexico, MEX
113.482,2009, Jun, Mexico, MEX
79.5455,2009, Jul, Mexico, MEX
99.6077,2009, Aug, Mexico, MEX
137.066,2009, Sep, Mexico, MEX
86.1593,2009, Oct, Mexico, MEX
31.0993,2009, Nov, Mexico, MEX
33.2125,2009, Dec, Mexico, MEX
31.3489,2010, Jan, Mexico, MEX
28.1743,2010, Feb, Mexico, MEX
7.13289,2010, Mar, Mexico, MEX
27.0969,2010, Apr, Mexico, MEX
41.3146,2010, May, Mexico, MEX
90.7412,2010, Jun, Mexico, MEX
232.605,2010, Jul, Mexico, MEX
150.075,2010, Aug, Mexico, MEX
173.669,2010, Sep, Mexico, MEX
14.228,2010, Oct, Mexico, MEX
8.69442,2010, Nov, Mexico, MEX
6.0652,2010, Dec, Mexico, MEX
9.24809,2011, Jan, Mexico, MEX
10.8599,2011, Feb, Mexico, MEX
9.77083,2011, Mar, Mexico, MEX
10.6803,2011, Apr, Mexico, MEX
16.1454,2011, May, Mexico, MEX
97.9879,2011, Jun, Mexico, MEX
166.33,2011, Jul, Mexico, MEX
139.423,2011, Aug, Mexico, MEX
95.1691,2011, Sep, Mexico, MEX
68.341,2011, Oct, Mexico, MEX
29.0767,2011, Nov, Mexico, MEX
18.4467,2011, Dec, Mexico, MEX
13.4637,2012, Jan, Mexico, MEX
30.3111,2012, Feb, Mexico, MEX
10.57,2012, Mar, Mexico, MEX
19.0453,2012, Apr, Mexico, MEX
39.6103,2012, May, Mexico, MEX
91.9801,2012, Jun, Mexico, MEX
124.184,2012, Jul, Mexico, MEX
145.808,2012, Aug, Mexico, MEX
118.364,2012, Sep, Mexico, MEX
58.2591,2012, Oct, Mexico, MEX
22.4163,2012, Nov, Mexico, MEX
16.2888,2012, Dec, Mexico, MEX
22.9199,2013, Jan, Mexico, MEX
8.06579,2013, Feb, Mexico, MEX
7.42908,2013, Mar, Mexico, MEX
10.5642,2013, Apr, Mexico, MEX
48.4674,2013, May, Mexico, MEX
103.477,2013, Jun, Mexico, MEX
163.104,2013, Jul, Mexico, MEX
137.805,2013, Aug, Mexico, MEX
220.633,2013, Sep, Mexico, MEX
98.39,2013, Oct, Mexico, MEX
60.6551,2013, Nov, Mexico, MEX
38.3855,2013, Dec, Mexico, MEX
12.6389,2014, Jan, Mexico, MEX
7.34925,2014, Feb, Mexico, MEX
19.9509,2014, Mar, Mexico, MEX
13.0535,2014, Apr, Mexico, MEX
72.8869,2014, May, Mexico, MEX
132.104,2014, Jun, Mexico, MEX
94.8619,2014, Jul, Mexico, MEX
141.845,2014, Aug, Mexico, MEX
191.952,2014, Sep, Mexico, MEX
105.93,2014, Oct, Mexico, MEX
43.5188,2014, Nov, Mexico, MEX
17.6087,2014, Dec, Mexico, MEX
28.6804,2015, Jan, Mexico, MEX
19.2502,2015, Feb, Mexico, MEX
33.0164,2015, Mar, Mexico, MEX
23.5745,2015, Apr, Mexico, MEX
51.631,2015, May, Mexico, MEX
100.244,2015, Jun, Mexico, MEX
104.167,2015, Jul, Mexico, MEX
95.0274,2015, Aug, Mexico, MEX
119.259,2015, Sep, Mexico, MEX
96.9286,2015, Oct, Mexico, MEX
50.5464,2015, Nov, Mexico, MEX
27.7123,2015, Dec, Mexico, MEX
23.1916,2016, Jan, Mexico, MEX
5.46208,2016, Feb, Mexico, MEX
23.5982,2016, Mar, Mexico, MEX
18.2105,2016, Apr, Mexico, MEX
39.2225,2016, May, Mexico, MEX
114.339,2016, Jun, Mexico, MEX
133.482,2016, Jul, Mexico, MEX
181.408,2016, Aug, Mexico, MEX
127.278,2016, Sep, Mexico, MEX
50.4558,2016, Oct, Mexico, MEX
35.7218,2016, Nov, Mexico, MEX
34.3518,2016, Dec, Mexico, MEX
