Temperature, Year, Month, Country, ISO3
15.5146,1901, Jan, Mexico, MEX
15.3109,1901, Feb, Mexico, MEX
17.8516,1901, Mar, Mexico, MEX
19.6372,1901, Apr, Mexico, MEX
22.5504,1901, May, Mexico, MEX
24.0767,1901, Jun, Mexico, MEX
24.4898,1901, Jul, Mexico, MEX
24.5305,1901, Aug, Mexico, MEX
23.2971,1901, Sep, Mexico, MEX
21.4779,1901, Oct, Mexico, MEX
18.1392,1901, Nov, Mexico, MEX
14.3993,1901, Dec, Mexico, MEX
14.3253,1902, Jan, Mexico, MEX
15.1868,1902, Feb, Mexico, MEX
17.9136,1902, Mar, Mexico, MEX
21.8998,1902, Apr, Mexico, MEX
24.0894,1902, May, Mexico, MEX
25.5225,1902, Jun, Mexico, MEX
24.2573,1902, Jul, Mexico, MEX
24.5321,1902, Aug, Mexico, MEX
23.5101,1902, Sep, Mexico, MEX
21.1963,1902, Oct, Mexico, MEX
18.4311,1902, Nov, Mexico, MEX
15.2751,1902, Dec, Mexico, MEX
14.5826,1903, Jan, Mexico, MEX
14.6,1903, Feb, Mexico, MEX
17.0607,1903, Mar, Mexico, MEX
20.3622,1903, Apr, Mexico, MEX
22.0811,1903, May, Mexico, MEX
23.2944,1903, Jun, Mexico, MEX
24.3727,1903, Jul, Mexico, MEX
24.1827,1903, Aug, Mexico, MEX
22.6932,1903, Sep, Mexico, MEX
19.7466,1903, Oct, Mexico, MEX
17.2616,1903, Nov, Mexico, MEX
14.4167,1903, Dec, Mexico, MEX
13.736,1904, Jan, Mexico, MEX
17.2363,1904, Feb, Mexico, MEX
20.1314,1904, Mar, Mexico, MEX
21.3398,1904, Apr, Mexico, MEX
22.529,1904, May, Mexico, MEX
24.3545,1904, Jun, Mexico, MEX
23.6335,1904, Jul, Mexico, MEX
23.6111,1904, Aug, Mexico, MEX
22.7977,1904, Sep, Mexico, MEX
20.1757,1904, Oct, Mexico, MEX
16.6537,1904, Nov, Mexico, MEX
15.0281,1904, Dec, Mexico, MEX
14.6511,1905, Jan, Mexico, MEX
13.874,1905, Feb, Mexico, MEX
18.1493,1905, Mar, Mexico, MEX
19.9643,1905, Apr, Mexico, MEX
23.45,1905, May, Mexico, MEX
24.5996,1905, Jun, Mexico, MEX
24.2517,1905, Jul, Mexico, MEX
25.0267,1905, Aug, Mexico, MEX
23.6796,1905, Sep, Mexico, MEX
20.5344,1905, Oct, Mexico, MEX
17.7901,1905, Nov, Mexico, MEX
12.7096,1905, Dec, Mexico, MEX
14.0731,1906, Jan, Mexico, MEX
15.3207,1906, Feb, Mexico, MEX
17.3585,1906, Mar, Mexico, MEX
20.4584,1906, Apr, Mexico, MEX
23.0876,1906, May, Mexico, MEX
25.3566,1906, Jun, Mexico, MEX
24.2068,1906, Jul, Mexico, MEX
23.3459,1906, Aug, Mexico, MEX
23.2934,1906, Sep, Mexico, MEX
19.8662,1906, Oct, Mexico, MEX
17.0351,1906, Nov, Mexico, MEX
15.8311,1906, Dec, Mexico, MEX
16.7026,1907, Jan, Mexico, MEX
17.077,1907, Feb, Mexico, MEX
19.8893,1907, Mar, Mexico, MEX
20.7886,1907, Apr, Mexico, MEX
21.8617,1907, May, Mexico, MEX
24.3694,1907, Jun, Mexico, MEX
24.2837,1907, Jul, Mexico, MEX
24.3032,1907, Aug, Mexico, MEX
23.6874,1907, Sep, Mexico, MEX
20.9803,1907, Oct, Mexico, MEX
15.9368,1907, Nov, Mexico, MEX
15.5816,1907, Dec, Mexico, MEX
15.3672,1908, Jan, Mexico, MEX
15.7693,1908, Feb, Mexico, MEX
19.6333,1908, Mar, Mexico, MEX
21.4142,1908, Apr, Mexico, MEX
23.2604,1908, May, Mexico, MEX
25.2568,1908, Jun, Mexico, MEX
24.0724,1908, Jul, Mexico, MEX
24.0551,1908, Aug, Mexico, MEX
22.8414,1908, Sep, Mexico, MEX
19.6146,1908, Oct, Mexico, MEX
16.9598,1908, Nov, Mexico, MEX
15.2271,1908, Dec, Mexico, MEX
16.5565,1909, Jan, Mexico, MEX
16.1881,1909, Feb, Mexico, MEX
18.9875,1909, Mar, Mexico, MEX
20.6221,1909, Apr, Mexico, MEX
23.2676,1909, May, Mexico, MEX
24.9423,1909, Jun, Mexico, MEX
24.6124,1909, Jul, Mexico, MEX
24.2359,1909, Aug, Mexico, MEX
22.4692,1909, Sep, Mexico, MEX
20.5414,1909, Oct, Mexico, MEX
18.5758,1909, Nov, Mexico, MEX
12.9041,1909, Dec, Mexico, MEX
14.7735,1910, Jan, Mexico, MEX
14.5443,1910, Feb, Mexico, MEX
18.6585,1910, Mar, Mexico, MEX
20.3963,1910, Apr, Mexico, MEX
23.3557,1910, May, Mexico, MEX
24.5907,1910, Jun, Mexico, MEX
24.8204,1910, Jul, Mexico, MEX
24.7288,1910, Aug, Mexico, MEX
23.5446,1910, Sep, Mexico, MEX
20.0747,1910, Oct, Mexico, MEX
17.5688,1910, Nov, Mexico, MEX
14.9646,1910, Dec, Mexico, MEX
16.884,1911, Jan, Mexico, MEX
16.4651,1911, Feb, Mexico, MEX
19.1369,1911, Mar, Mexico, MEX
20.6559,1911, Apr, Mexico, MEX
22.0182,1911, May, Mexico, MEX
24.5897,1911, Jun, Mexico, MEX
23.6806,1911, Jul, Mexico, MEX
24.8337,1911, Aug, Mexico, MEX
24.4435,1911, Sep, Mexico, MEX
20.5515,1911, Oct, Mexico, MEX
15.9164,1911, Nov, Mexico, MEX
13.3668,1911, Dec, Mexico, MEX
14.4413,1912, Jan, Mexico, MEX
14.4343,1912, Feb, Mexico, MEX
16.778,1912, Mar, Mexico, MEX
20.2447,1912, Apr, Mexico, MEX
23.3784,1912, May, Mexico, MEX
23.3545,1912, Jun, Mexico, MEX
24.1073,1912, Jul, Mexico, MEX
24.6921,1912, Aug, Mexico, MEX
23.3745,1912, Sep, Mexico, MEX
20.523,1912, Oct, Mexico, MEX
15.8633,1912, Nov, Mexico, MEX
13.2534,1912, Dec, Mexico, MEX
14.1344,1913, Jan, Mexico, MEX
14.8896,1913, Feb, Mexico, MEX
16.88,1913, Mar, Mexico, MEX
19.3658,1913, Apr, Mexico, MEX
22.588,1913, May, Mexico, MEX
23.0421,1913, Jun, Mexico, MEX
24.1849,1913, Jul, Mexico, MEX
24.5513,1913, Aug, Mexico, MEX
22.1858,1913, Sep, Mexico, MEX
20.0292,1913, Oct, Mexico, MEX
18.7578,1913, Nov, Mexico, MEX
14.3803,1913, Dec, Mexico, MEX
16.6761,1914, Jan, Mexico, MEX
15.5997,1914, Feb, Mexico, MEX
16.7115,1914, Mar, Mexico, MEX
20.3606,1914, Apr, Mexico, MEX
22.7848,1914, May, Mexico, MEX
24.1633,1914, Jun, Mexico, MEX
24.5162,1914, Jul, Mexico, MEX
24.4217,1914, Aug, Mexico, MEX
23.4308,1914, Sep, Mexico, MEX
20.7907,1914, Oct, Mexico, MEX
17.3898,1914, Nov, Mexico, MEX
12.7294,1914, Dec, Mexico, MEX
13.6978,1915, Jan, Mexico, MEX
16.1637,1915, Feb, Mexico, MEX
14.3802,1915, Mar, Mexico, MEX
19.6303,1915, Apr, Mexico, MEX
23.0435,1915, May, Mexico, MEX
25.7532,1915, Jun, Mexico, MEX
25.2311,1915, Jul, Mexico, MEX
24.719,1915, Aug, Mexico, MEX
23.5409,1915, Sep, Mexico, MEX
21.2852,1915, Oct, Mexico, MEX
18.0854,1915, Nov, Mexico, MEX
15.923,1915, Dec, Mexico, MEX
17.4266,1916, Jan, Mexico, MEX
17.728,1916, Feb, Mexico, MEX
20.2616,1916, Mar, Mexico, MEX
20.6473,1916, Apr, Mexico, MEX
23.7964,1916, May, Mexico, MEX
26.0523,1916, Jun, Mexico, MEX
24.3018,1916, Jul, Mexico, MEX
23.5612,1916, Aug, Mexico, MEX
22.7301,1916, Sep, Mexico, MEX
20.4055,1916, Oct, Mexico, MEX
16.1919,1916, Nov, Mexico, MEX
14.7469,1916, Dec, Mexico, MEX
15.1701,1917, Jan, Mexico, MEX
16.4949,1917, Feb, Mexico, MEX
17.471,1917, Mar, Mexico, MEX
20.1397,1917, Apr, Mexico, MEX
21.8361,1917, May, Mexico, MEX
24.7874,1917, Jun, Mexico, MEX
24.9411,1917, Jul, Mexico, MEX
24.8628,1917, Aug, Mexico, MEX
23.2248,1917, Sep, Mexico, MEX
20.4716,1917, Oct, Mexico, MEX
18.0338,1917, Nov, Mexico, MEX
15.0529,1917, Dec, Mexico, MEX
13.5857,1918, Jan, Mexico, MEX
16.7616,1918, Feb, Mexico, MEX
18.7817,1918, Mar, Mexico, MEX
20.7822,1918, Apr, Mexico, MEX
22.5409,1918, May, Mexico, MEX
25.1036,1918, Jun, Mexico, MEX
24.7866,1918, Jul, Mexico, MEX
24.3213,1918, Aug, Mexico, MEX
22.9079,1918, Sep, Mexico, MEX
21.4264,1918, Oct, Mexico, MEX
16.2316,1918, Nov, Mexico, MEX
14.2151,1918, Dec, Mexico, MEX
12.6482,1919, Jan, Mexico, MEX
14.8304,1919, Feb, Mexico, MEX
16.9548,1919, Mar, Mexico, MEX
20.1075,1919, Apr, Mexico, MEX
22.8436,1919, May, Mexico, MEX
23.9523,1919, Jun, Mexico, MEX
23.4891,1919, Jul, Mexico, MEX
24.57,1919, Aug, Mexico, MEX
22.8615,1919, Sep, Mexico, MEX
21.2036,1919, Oct, Mexico, MEX
17.3758,1919, Nov, Mexico, MEX
14.845,1919, Dec, Mexico, MEX
13.9166,1920, Jan, Mexico, MEX
16.8003,1920, Feb, Mexico, MEX
17.1302,1920, Mar, Mexico, MEX
20.5299,1920, Apr, Mexico, MEX
23.073,1920, May, Mexico, MEX
23.6422,1920, Jun, Mexico, MEX
24.8391,1920, Jul, Mexico, MEX
24.0429,1920, Aug, Mexico, MEX
23.8153,1920, Sep, Mexico, MEX
20.4179,1920, Oct, Mexico, MEX
16.517,1920, Nov, Mexico, MEX
14.4792,1920, Dec, Mexico, MEX
15.3991,1921, Jan, Mexico, MEX
15.7491,1921, Feb, Mexico, MEX
18.9387,1921, Mar, Mexico, MEX
19.883,1921, Apr, Mexico, MEX
22.1918,1921, May, Mexico, MEX
24.5585,1921, Jun, Mexico, MEX
24.13,1921, Jul, Mexico, MEX
24.3818,1921, Aug, Mexico, MEX
24.0829,1921, Sep, Mexico, MEX
21.0613,1921, Oct, Mexico, MEX
18.3077,1921, Nov, Mexico, MEX
16.5203,1921, Dec, Mexico, MEX
14.1976,1922, Jan, Mexico, MEX
16.6208,1922, Feb, Mexico, MEX
17.1091,1922, Mar, Mexico, MEX
20.9719,1922, Apr, Mexico, MEX
23.688,1922, May, Mexico, MEX
24.4613,1922, Jun, Mexico, MEX
24.6551,1922, Jul, Mexico, MEX
24.8671,1922, Aug, Mexico, MEX
23.4148,1922, Sep, Mexico, MEX
20.5654,1922, Oct, Mexico, MEX
16.6053,1922, Nov, Mexico, MEX
16.3757,1922, Dec, Mexico, MEX
16.589,1923, Jan, Mexico, MEX
14.9537,1923, Feb, Mexico, MEX
16.6578,1923, Mar, Mexico, MEX
20.612,1923, Apr, Mexico, MEX
23.9824,1923, May, Mexico, MEX
24.7047,1923, Jun, Mexico, MEX
24.6,1923, Jul, Mexico, MEX
24.3754,1923, Aug, Mexico, MEX
23.34,1923, Sep, Mexico, MEX
19.7746,1923, Oct, Mexico, MEX
16.5321,1923, Nov, Mexico, MEX
14.779,1923, Dec, Mexico, MEX
13.5275,1924, Jan, Mexico, MEX
15.4679,1924, Feb, Mexico, MEX
16.8945,1924, Mar, Mexico, MEX
19.9685,1924, Apr, Mexico, MEX
22.3092,1924, May, Mexico, MEX
25.1941,1924, Jun, Mexico, MEX
24.5545,1924, Jul, Mexico, MEX
25.1979,1924, Aug, Mexico, MEX
23.0577,1924, Sep, Mexico, MEX
20.614,1924, Oct, Mexico, MEX
17.9275,1924, Nov, Mexico, MEX
13.9884,1924, Dec, Mexico, MEX
13.8061,1925, Jan, Mexico, MEX
17.1053,1925, Feb, Mexico, MEX
18.6719,1925, Mar, Mexico, MEX
21.4068,1925, Apr, Mexico, MEX
23.1103,1925, May, Mexico, MEX
24.3918,1925, Jun, Mexico, MEX
24.9408,1925, Jul, Mexico, MEX
24.2437,1925, Aug, Mexico, MEX
23.0552,1925, Sep, Mexico, MEX
20.4778,1925, Oct, Mexico, MEX
16.7824,1925, Nov, Mexico, MEX
13.3956,1925, Dec, Mexico, MEX
13.3159,1926, Jan, Mexico, MEX
17.0464,1926, Feb, Mexico, MEX
17.6432,1926, Mar, Mexico, MEX
19.7831,1926, Apr, Mexico, MEX
22.3689,1926, May, Mexico, MEX
24.785,1926, Jun, Mexico, MEX
24.327,1926, Jul, Mexico, MEX
24.6194,1926, Aug, Mexico, MEX
24.241,1926, Sep, Mexico, MEX
22.0716,1926, Oct, Mexico, MEX
16.8376,1926, Nov, Mexico, MEX
15.0318,1926, Dec, Mexico, MEX
15.6334,1927, Jan, Mexico, MEX
17.4633,1927, Feb, Mexico, MEX
17.8751,1927, Mar, Mexico, MEX
21.3693,1927, Apr, Mexico, MEX
24.7001,1927, May, Mexico, MEX
24.4061,1927, Jun, Mexico, MEX
24.3869,1927, Jul, Mexico, MEX
24.5425,1927, Aug, Mexico, MEX
23.5537,1927, Sep, Mexico, MEX
20.9231,1927, Oct, Mexico, MEX
19.1144,1927, Nov, Mexico, MEX
13.9282,1927, Dec, Mexico, MEX
14.6448,1928, Jan, Mexico, MEX
16.0512,1928, Feb, Mexico, MEX
19.0765,1928, Mar, Mexico, MEX
20.247,1928, Apr, Mexico, MEX
23.171,1928, May, Mexico, MEX
25.7479,1928, Jun, Mexico, MEX
24.9633,1928, Jul, Mexico, MEX
24.5549,1928, Aug, Mexico, MEX
23.0127,1928, Sep, Mexico, MEX
21.7484,1928, Oct, Mexico, MEX
16.8015,1928, Nov, Mexico, MEX
14.3388,1928, Dec, Mexico, MEX
15.0212,1929, Jan, Mexico, MEX
15.2883,1929, Feb, Mexico, MEX
18.0749,1929, Mar, Mexico, MEX
21.7072,1929, Apr, Mexico, MEX
23.1599,1929, May, Mexico, MEX
25.0493,1929, Jun, Mexico, MEX
24.3352,1929, Jul, Mexico, MEX
24.3046,1929, Aug, Mexico, MEX
23.5555,1929, Sep, Mexico, MEX
20.6837,1929, Oct, Mexico, MEX
15.9134,1929, Nov, Mexico, MEX
14.8528,1929, Dec, Mexico, MEX
13.8612,1930, Jan, Mexico, MEX
17.2213,1930, Feb, Mexico, MEX
17.1402,1930, Mar, Mexico, MEX
21.0719,1930, Apr, Mexico, MEX
22.6054,1930, May, Mexico, MEX
24.249,1930, Jun, Mexico, MEX
24.211,1930, Jul, Mexico, MEX
24.7268,1930, Aug, Mexico, MEX
24.2544,1930, Sep, Mexico, MEX
20.7569,1930, Oct, Mexico, MEX
16.5891,1930, Nov, Mexico, MEX
13.7567,1930, Dec, Mexico, MEX
13.9175,1931, Jan, Mexico, MEX
15.9312,1931, Feb, Mexico, MEX
16.7132,1931, Mar, Mexico, MEX
19.4859,1931, Apr, Mexico, MEX
22.333,1931, May, Mexico, MEX
24.5856,1931, Jun, Mexico, MEX
24.4733,1931, Jul, Mexico, MEX
23.972,1931, Aug, Mexico, MEX
24.2406,1931, Sep, Mexico, MEX
22.2328,1931, Oct, Mexico, MEX
17.9017,1931, Nov, Mexico, MEX
14.6979,1931, Dec, Mexico, MEX
14.7935,1932, Jan, Mexico, MEX
17.6555,1932, Feb, Mexico, MEX
16.7615,1932, Mar, Mexico, MEX
20.5953,1932, Apr, Mexico, MEX
22.9606,1932, May, Mexico, MEX
25.2043,1932, Jun, Mexico, MEX
24.8615,1932, Jul, Mexico, MEX
24.9449,1932, Aug, Mexico, MEX
23.13,1932, Sep, Mexico, MEX
20.4001,1932, Oct, Mexico, MEX
16.264,1932, Nov, Mexico, MEX
14.1876,1932, Dec, Mexico, MEX
15.3949,1933, Jan, Mexico, MEX
15.5517,1933, Feb, Mexico, MEX
18.66,1933, Mar, Mexico, MEX
20.714,1933, Apr, Mexico, MEX
23.7428,1933, May, Mexico, MEX
24.2939,1933, Jun, Mexico, MEX
25.1062,1933, Jul, Mexico, MEX
24.1346,1933, Aug, Mexico, MEX
23.8702,1933, Sep, Mexico, MEX
21.6775,1933, Oct, Mexico, MEX
17.7347,1933, Nov, Mexico, MEX
16.4775,1933, Dec, Mexico, MEX
14.7825,1934, Jan, Mexico, MEX
16.5199,1934, Feb, Mexico, MEX
18.1367,1934, Mar, Mexico, MEX
20.7851,1934, Apr, Mexico, MEX
23.2332,1934, May, Mexico, MEX
24.8015,1934, Jun, Mexico, MEX
24.7277,1934, Jul, Mexico, MEX
24.5511,1934, Aug, Mexico, MEX
23.6052,1934, Sep, Mexico, MEX
21.8633,1934, Oct, Mexico, MEX
18.3267,1934, Nov, Mexico, MEX
16.0983,1934, Dec, Mexico, MEX
15.864,1935, Jan, Mexico, MEX
15.2384,1935, Feb, Mexico, MEX
18.8471,1935, Mar, Mexico, MEX
21.3423,1935, Apr, Mexico, MEX
22.5781,1935, May, Mexico, MEX
24.389,1935, Jun, Mexico, MEX
24.4042,1935, Jul, Mexico, MEX
24.5261,1935, Aug, Mexico, MEX
22.915,1935, Sep, Mexico, MEX
21.3216,1935, Oct, Mexico, MEX
17.6225,1935, Nov, Mexico, MEX
14.8392,1935, Dec, Mexico, MEX
14.9847,1936, Jan, Mexico, MEX
16.4388,1936, Feb, Mexico, MEX
18.9558,1936, Mar, Mexico, MEX
20.5855,1936, Apr, Mexico, MEX
22.9716,1936, May, Mexico, MEX
25.3527,1936, Jun, Mexico, MEX
24.574,1936, Jul, Mexico, MEX
24.515,1936, Aug, Mexico, MEX
22.9597,1936, Sep, Mexico, MEX
20.2662,1936, Oct, Mexico, MEX
16.9227,1936, Nov, Mexico, MEX
15.5165,1936, Dec, Mexico, MEX
15.0323,1937, Jan, Mexico, MEX
16.3916,1937, Feb, Mexico, MEX
17.1715,1937, Mar, Mexico, MEX
20.9534,1937, Apr, Mexico, MEX
23.0732,1937, May, Mexico, MEX
24.8737,1937, Jun, Mexico, MEX
24.6626,1937, Jul, Mexico, MEX
25.1799,1937, Aug, Mexico, MEX
23.8082,1937, Sep, Mexico, MEX
21.5305,1937, Oct, Mexico, MEX
17.3989,1937, Nov, Mexico, MEX
15.0839,1937, Dec, Mexico, MEX
15.5109,1938, Jan, Mexico, MEX
16.8974,1938, Feb, Mexico, MEX
19.3193,1938, Mar, Mexico, MEX
20.325,1938, Apr, Mexico, MEX
23.2877,1938, May, Mexico, MEX
24.7399,1938, Jun, Mexico, MEX
24.6163,1938, Jul, Mexico, MEX
24.4427,1938, Aug, Mexico, MEX
23.0809,1938, Sep, Mexico, MEX
21.1724,1938, Oct, Mexico, MEX
16.8387,1938, Nov, Mexico, MEX
15.1053,1938, Dec, Mexico, MEX
14.8216,1939, Jan, Mexico, MEX
14.8758,1939, Feb, Mexico, MEX
18.5971,1939, Mar, Mexico, MEX
21.0249,1939, Apr, Mexico, MEX
23.546,1939, May, Mexico, MEX
24.9038,1939, Jun, Mexico, MEX
25.1553,1939, Jul, Mexico, MEX
24.4444,1939, Aug, Mexico, MEX
23.2538,1939, Sep, Mexico, MEX
20.9594,1939, Oct, Mexico, MEX
16.7798,1939, Nov, Mexico, MEX
16.0783,1939, Dec, Mexico, MEX
13.4067,1940, Jan, Mexico, MEX
16.0411,1940, Feb, Mexico, MEX
18.7293,1940, Mar, Mexico, MEX
21.1976,1940, Apr, Mexico, MEX
23.474,1940, May, Mexico, MEX
24.6941,1940, Jun, Mexico, MEX
24.9199,1940, Jul, Mexico, MEX
24.7835,1940, Aug, Mexico, MEX
23.293,1940, Sep, Mexico, MEX
21.0783,1940, Oct, Mexico, MEX
17.2006,1940, Nov, Mexico, MEX
16.1428,1940, Dec, Mexico, MEX
15.0293,1941, Jan, Mexico, MEX
16.2454,1941, Feb, Mexico, MEX
17.0932,1941, Mar, Mexico, MEX
20.6988,1941, Apr, Mexico, MEX
23.1972,1941, May, Mexico, MEX
24.6568,1941, Jun, Mexico, MEX
24.9891,1941, Jul, Mexico, MEX
24.9937,1941, Aug, Mexico, MEX
23.6442,1941, Sep, Mexico, MEX
21.7873,1941, Oct, Mexico, MEX
17.8676,1941, Nov, Mexico, MEX
15.8138,1941, Dec, Mexico, MEX
14.7892,1942, Jan, Mexico, MEX
15.9754,1942, Feb, Mexico, MEX
17.8009,1942, Mar, Mexico, MEX
21.0059,1942, Apr, Mexico, MEX
23.8853,1942, May, Mexico, MEX
25.4723,1942, Jun, Mexico, MEX
24.9095,1942, Jul, Mexico, MEX
24.3796,1942, Aug, Mexico, MEX
22.9916,1942, Sep, Mexico, MEX
21.0671,1942, Oct, Mexico, MEX
18.404,1942, Nov, Mexico, MEX
16.0179,1942, Dec, Mexico, MEX
14.7478,1943, Jan, Mexico, MEX
16.9602,1943, Feb, Mexico, MEX
18.4664,1943, Mar, Mexico, MEX
21.9792,1943, Apr, Mexico, MEX
24.2925,1943, May, Mexico, MEX
24.9979,1943, Jun, Mexico, MEX
25.4927,1943, Jul, Mexico, MEX
25.9398,1943, Aug, Mexico, MEX
23.712,1943, Sep, Mexico, MEX
20.6471,1943, Oct, Mexico, MEX
16.7132,1943, Nov, Mexico, MEX
14.5832,1943, Dec, Mexico, MEX
14.0332,1944, Jan, Mexico, MEX
17.112,1944, Feb, Mexico, MEX
18.3868,1944, Mar, Mexico, MEX
21.1621,1944, Apr, Mexico, MEX
23.2971,1944, May, Mexico, MEX
24.8088,1944, Jun, Mexico, MEX
25.5419,1944, Jul, Mexico, MEX
24.9061,1944, Aug, Mexico, MEX
23.2687,1944, Sep, Mexico, MEX
20.6866,1944, Oct, Mexico, MEX
17.3252,1944, Nov, Mexico, MEX
14.4523,1944, Dec, Mexico, MEX
15.2483,1945, Jan, Mexico, MEX
17.1875,1945, Feb, Mexico, MEX
19.2117,1945, Mar, Mexico, MEX
20.8575,1945, Apr, Mexico, MEX
23.6664,1945, May, Mexico, MEX
25.5026,1945, Jun, Mexico, MEX
25.3762,1945, Jul, Mexico, MEX
25.0736,1945, Aug, Mexico, MEX
24.2303,1945, Sep, Mexico, MEX
20.854,1945, Oct, Mexico, MEX
18.44,1945, Nov, Mexico, MEX
15.1073,1945, Dec, Mexico, MEX
14.1648,1946, Jan, Mexico, MEX
16.265,1946, Feb, Mexico, MEX
18.9479,1946, Mar, Mexico, MEX
22.0152,1946, Apr, Mexico, MEX
23.8404,1946, May, Mexico, MEX
25.2044,1946, Jun, Mexico, MEX
25.3538,1946, Jul, Mexico, MEX
25.1907,1946, Aug, Mexico, MEX
24.3737,1946, Sep, Mexico, MEX
21.3472,1946, Oct, Mexico, MEX
17.6087,1946, Nov, Mexico, MEX
15.9266,1946, Dec, Mexico, MEX
14.2225,1947, Jan, Mexico, MEX
15.8984,1947, Feb, Mexico, MEX
18.2712,1947, Mar, Mexico, MEX
21.2256,1947, Apr, Mexico, MEX
23.7496,1947, May, Mexico, MEX
25.4702,1947, Jun, Mexico, MEX
25.5709,1947, Jul, Mexico, MEX
24.2629,1947, Aug, Mexico, MEX
23.9761,1947, Sep, Mexico, MEX
22.3312,1947, Oct, Mexico, MEX
17.6021,1947, Nov, Mexico, MEX
14.8043,1947, Dec, Mexico, MEX
14.0533,1948, Jan, Mexico, MEX
16.7931,1948, Feb, Mexico, MEX
18.1684,1948, Mar, Mexico, MEX
22.1621,1948, Apr, Mexico, MEX
24.2546,1948, May, Mexico, MEX
25.6975,1948, Jun, Mexico, MEX
25.2579,1948, Jul, Mexico, MEX
25.4844,1948, Aug, Mexico, MEX
23.6877,1948, Sep, Mexico, MEX
20.8199,1948, Oct, Mexico, MEX
17.2228,1948, Nov, Mexico, MEX
16.4701,1948, Dec, Mexico, MEX
13.8454,1949, Jan, Mexico, MEX
16.6518,1949, Feb, Mexico, MEX
19.0429,1949, Mar, Mexico, MEX
20.6236,1949, Apr, Mexico, MEX
23.8053,1949, May, Mexico, MEX
25.2923,1949, Jun, Mexico, MEX
25.2404,1949, Jul, Mexico, MEX
24.9611,1949, Aug, Mexico, MEX
24.2681,1949, Sep, Mexico, MEX
21.1485,1949, Oct, Mexico, MEX
17.8526,1949, Nov, Mexico, MEX
15.651,1949, Dec, Mexico, MEX
16.8261,1950, Jan, Mexico, MEX
17.4078,1950, Feb, Mexico, MEX
18.6779,1950, Mar, Mexico, MEX
21.4701,1950, Apr, Mexico, MEX
23.8026,1950, May, Mexico, MEX
25.1287,1950, Jun, Mexico, MEX
24.7103,1950, Jul, Mexico, MEX
24.8637,1950, Aug, Mexico, MEX
24.1784,1950, Sep, Mexico, MEX
22.1989,1950, Oct, Mexico, MEX
17.9824,1950, Nov, Mexico, MEX
15.6823,1950, Dec, Mexico, MEX
14.9182,1951, Jan, Mexico, MEX
16.1018,1951, Feb, Mexico, MEX
17.9591,1951, Mar, Mexico, MEX
20.9535,1951, Apr, Mexico, MEX
23.2255,1951, May, Mexico, MEX
25.386,1951, Jun, Mexico, MEX
25.4129,1951, Jul, Mexico, MEX
25.3772,1951, Aug, Mexico, MEX
24.1716,1951, Sep, Mexico, MEX
21.908,1951, Oct, Mexico, MEX
17.893,1951, Nov, Mexico, MEX
16.4889,1951, Dec, Mexico, MEX
16.9494,1952, Jan, Mexico, MEX
16.5886,1952, Feb, Mexico, MEX
17.9472,1952, Mar, Mexico, MEX
20.3891,1952, Apr, Mexico, MEX
23.4052,1952, May, Mexico, MEX
24.7307,1952, Jun, Mexico, MEX
24.8624,1952, Jul, Mexico, MEX
25.5105,1952, Aug, Mexico, MEX
23.9382,1952, Sep, Mexico, MEX
20.531,1952, Oct, Mexico, MEX
17.4576,1952, Nov, Mexico, MEX
14.7694,1952, Dec, Mexico, MEX
16.0216,1953, Jan, Mexico, MEX
16.5194,1953, Feb, Mexico, MEX
19.8276,1953, Mar, Mexico, MEX
21.7388,1953, Apr, Mexico, MEX
23.3023,1953, May, Mexico, MEX
26.0474,1953, Jun, Mexico, MEX
25.6597,1953, Jul, Mexico, MEX
25.2591,1953, Aug, Mexico, MEX
23.5929,1953, Sep, Mexico, MEX
21.0498,1953, Oct, Mexico, MEX
17.4216,1953, Nov, Mexico, MEX
13.966,1953, Dec, Mexico, MEX
16.0216,1954, Jan, Mexico, MEX
17.4185,1954, Feb, Mexico, MEX
18.7072,1954, Mar, Mexico, MEX
22.1944,1954, Apr, Mexico, MEX
23.2203,1954, May, Mexico, MEX
25.0982,1954, Jun, Mexico, MEX
24.9105,1954, Jul, Mexico, MEX
24.7374,1954, Aug, Mexico, MEX
24.2232,1954, Sep, Mexico, MEX
21.4876,1954, Oct, Mexico, MEX
17.6836,1954, Nov, Mexico, MEX
15.4549,1954, Dec, Mexico, MEX
14.1949,1955, Jan, Mexico, MEX
15.2568,1955, Feb, Mexico, MEX
19.0338,1955, Mar, Mexico, MEX
21.7493,1955, Apr, Mexico, MEX
23.5765,1955, May, Mexico, MEX
25.1315,1955, Jun, Mexico, MEX
24.0885,1955, Jul, Mexico, MEX
24.479,1955, Aug, Mexico, MEX
23.3422,1955, Sep, Mexico, MEX
20.9526,1955, Oct, Mexico, MEX
17.6719,1955, Nov, Mexico, MEX
15.5169,1955, Dec, Mexico, MEX
15.2331,1956, Jan, Mexico, MEX
16.095,1956, Feb, Mexico, MEX
18.7616,1956, Mar, Mexico, MEX
20.943,1956, Apr, Mexico, MEX
23.5873,1956, May, Mexico, MEX
25.1062,1956, Jun, Mexico, MEX
24.6188,1956, Jul, Mexico, MEX
24.8407,1956, Aug, Mexico, MEX
23.5311,1956, Sep, Mexico, MEX
21.7012,1956, Oct, Mexico, MEX
16.8402,1956, Nov, Mexico, MEX
15.4035,1956, Dec, Mexico, MEX
16.5946,1957, Jan, Mexico, MEX
18.594,1957, Feb, Mexico, MEX
18.2348,1957, Mar, Mexico, MEX
20.87,1957, Apr, Mexico, MEX
22.9069,1957, May, Mexico, MEX
25.4278,1957, Jun, Mexico, MEX
25.6892,1957, Jul, Mexico, MEX
25.2122,1957, Aug, Mexico, MEX
23.8234,1957, Sep, Mexico, MEX
20.4009,1957, Oct, Mexico, MEX
17.0676,1957, Nov, Mexico, MEX
15.8691,1957, Dec, Mexico, MEX
13.759,1958, Jan, Mexico, MEX
16.1,1958, Feb, Mexico, MEX
17.3255,1958, Mar, Mexico, MEX
21.4666,1958, Apr, Mexico, MEX
23.6346,1958, May, Mexico, MEX
25.695,1958, Jun, Mexico, MEX
25.235,1958, Jul, Mexico, MEX
25.269,1958, Aug, Mexico, MEX
23.7539,1958, Sep, Mexico, MEX
20.6719,1958, Oct, Mexico, MEX
17.9045,1958, Nov, Mexico, MEX
15.3481,1958, Dec, Mexico, MEX
15.2907,1959, Jan, Mexico, MEX
16.5988,1959, Feb, Mexico, MEX
17.9861,1959, Mar, Mexico, MEX
20.957,1959, Apr, Mexico, MEX
23.442,1959, May, Mexico, MEX
25.4278,1959, Jun, Mexico, MEX
24.9126,1959, Jul, Mexico, MEX
24.7165,1959, Aug, Mexico, MEX
24.1811,1959, Sep, Mexico, MEX
21.3525,1959, Oct, Mexico, MEX
16.8329,1959, Nov, Mexico, MEX
15.1637,1959, Dec, Mexico, MEX
14.8249,1960, Jan, Mexico, MEX
14.7635,1960, Feb, Mexico, MEX
18.204,1960, Mar, Mexico, MEX
21.0753,1960, Apr, Mexico, MEX
23.4142,1960, May, Mexico, MEX
25.8984,1960, Jun, Mexico, MEX
25.0685,1960, Jul, Mexico, MEX
24.8199,1960, Aug, Mexico, MEX
23.5994,1960, Sep, Mexico, MEX
21.8538,1960, Oct, Mexico, MEX
18.4728,1960, Nov, Mexico, MEX
14.113,1960, Dec, Mexico, MEX
14.3094,1961, Jan, Mexico, MEX
16.199,1961, Feb, Mexico, MEX
18.7395,1961, Mar, Mexico, MEX
21.4639,1961, Apr, Mexico, MEX
24.0846,1961, May, Mexico, MEX
24.9117,1961, Jun, Mexico, MEX
24.4703,1961, Jul, Mexico, MEX
24.5296,1961, Aug, Mexico, MEX
23.5743,1961, Sep, Mexico, MEX
21.0586,1961, Oct, Mexico, MEX
16.8809,1961, Nov, Mexico, MEX
15.6813,1961, Dec, Mexico, MEX
14.0428,1962, Jan, Mexico, MEX
18.0539,1962, Feb, Mexico, MEX
17.3911,1962, Mar, Mexico, MEX
21.3964,1962, Apr, Mexico, MEX
23.551,1962, May, Mexico, MEX
24.7889,1962, Jun, Mexico, MEX
25.3495,1962, Jul, Mexico, MEX
25.7459,1962, Aug, Mexico, MEX
24.1226,1962, Sep, Mexico, MEX
22.1019,1962, Oct, Mexico, MEX
18.1399,1962, Nov, Mexico, MEX
15.3724,1962, Dec, Mexico, MEX
14.5536,1963, Jan, Mexico, MEX
16.25,1963, Feb, Mexico, MEX
19.1077,1963, Mar, Mexico, MEX
22.1845,1963, Apr, Mexico, MEX
23.7841,1963, May, Mexico, MEX
25.1331,1963, Jun, Mexico, MEX
25.1734,1963, Jul, Mexico, MEX
24.9131,1963, Aug, Mexico, MEX
23.8409,1963, Sep, Mexico, MEX
21.2049,1963, Oct, Mexico, MEX
17.8757,1963, Nov, Mexico, MEX
14.1807,1963, Dec, Mexico, MEX
14.0262,1964, Jan, Mexico, MEX
14.9671,1964, Feb, Mexico, MEX
18.0843,1964, Mar, Mexico, MEX
21.8881,1964, Apr, Mexico, MEX
23.503,1964, May, Mexico, MEX
24.4247,1964, Jun, Mexico, MEX
25.1988,1964, Jul, Mexico, MEX
25.1984,1964, Aug, Mexico, MEX
23.6763,1964, Sep, Mexico, MEX
20.5251,1964, Oct, Mexico, MEX
17.6433,1964, Nov, Mexico, MEX
15.1053,1964, Dec, Mexico, MEX
15.476,1965, Jan, Mexico, MEX
15.095,1965, Feb, Mexico, MEX
17.307,1965, Mar, Mexico, MEX
21.5141,1965, Apr, Mexico, MEX
23.2809,1965, May, Mexico, MEX
24.5633,1965, Jun, Mexico, MEX
25.0123,1965, Jul, Mexico, MEX
24.4015,1965, Aug, Mexico, MEX
23.7507,1965, Sep, Mexico, MEX
20.6662,1965, Oct, Mexico, MEX
19.207,1965, Nov, Mexico, MEX
15.8249,1965, Dec, Mexico, MEX
13.491,1966, Jan, Mexico, MEX
14.5478,1966, Feb, Mexico, MEX
17.7599,1966, Mar, Mexico, MEX
21.1964,1966, Apr, Mexico, MEX
23.376,1966, May, Mexico, MEX
24.5725,1966, Jun, Mexico, MEX
25.2183,1966, Jul, Mexico, MEX
24.5325,1966, Aug, Mexico, MEX
23.5459,1966, Sep, Mexico, MEX
20.4064,1966, Oct, Mexico, MEX
18.0002,1966, Nov, Mexico, MEX
14.7233,1966, Dec, Mexico, MEX
14.2734,1967, Jan, Mexico, MEX
16.0346,1967, Feb, Mexico, MEX
19.427,1967, Mar, Mexico, MEX
21.6511,1967, Apr, Mexico, MEX
23.4038,1967, May, Mexico, MEX
24.8117,1967, Jun, Mexico, MEX
25.1199,1967, Jul, Mexico, MEX
24.0799,1967, Aug, Mexico, MEX
22.6279,1967, Sep, Mexico, MEX
20.5015,1967, Oct, Mexico, MEX
18.1342,1967, Nov, Mexico, MEX
14.8959,1967, Dec, Mexico, MEX
14.7349,1968, Jan, Mexico, MEX
15.5529,1968, Feb, Mexico, MEX
16.7393,1968, Mar, Mexico, MEX
20.5826,1968, Apr, Mexico, MEX
23.481,1968, May, Mexico, MEX
24.6728,1968, Jun, Mexico, MEX
24.0981,1968, Jul, Mexico, MEX
24.0198,1968, Aug, Mexico, MEX
22.8604,1968, Sep, Mexico, MEX
21.4302,1968, Oct, Mexico, MEX
17.2637,1968, Nov, Mexico, MEX
15.1625,1968, Dec, Mexico, MEX
15.9704,1969, Jan, Mexico, MEX
16.5192,1969, Feb, Mexico, MEX
16.8497,1969, Mar, Mexico, MEX
21.6466,1969, Apr, Mexico, MEX
23.3282,1969, May, Mexico, MEX
25.2272,1969, Jun, Mexico, MEX
25.7037,1969, Jul, Mexico, MEX
25.2088,1969, Aug, Mexico, MEX
23.7696,1969, Sep, Mexico, MEX
21.2756,1969, Oct, Mexico, MEX
17.255,1969, Nov, Mexico, MEX
15.5487,1969, Dec, Mexico, MEX
14.1205,1970, Jan, Mexico, MEX
16.0018,1970, Feb, Mexico, MEX
17.5709,1970, Mar, Mexico, MEX
21.1874,1970, Apr, Mexico, MEX
22.6596,1970, May, Mexico, MEX
24.7227,1970, Jun, Mexico, MEX
24.9416,1970, Jul, Mexico, MEX
25.0854,1970, Aug, Mexico, MEX
23.1077,1970, Sep, Mexico, MEX
20.4537,1970, Oct, Mexico, MEX
16.971,1970, Nov, Mexico, MEX
16.5971,1970, Dec, Mexico, MEX
15.9394,1971, Jan, Mexico, MEX
16.4789,1971, Feb, Mexico, MEX
18.9009,1971, Mar, Mexico, MEX
20.4061,1971, Apr, Mexico, MEX
23.2884,1971, May, Mexico, MEX
24.3796,1971, Jun, Mexico, MEX
24.7644,1971, Jul, Mexico, MEX
23.5956,1971, Aug, Mexico, MEX
23.0513,1971, Sep, Mexico, MEX
20.7121,1971, Oct, Mexico, MEX
17.6429,1971, Nov, Mexico, MEX
15.817,1971, Dec, Mexico, MEX
15.8585,1972, Jan, Mexico, MEX
16.4648,1972, Feb, Mexico, MEX
20.0167,1972, Mar, Mexico, MEX
22.1306,1972, Apr, Mexico, MEX
23.1861,1972, May, Mexico, MEX
24.438,1972, Jun, Mexico, MEX
24.6368,1972, Jul, Mexico, MEX
24.1219,1972, Aug, Mexico, MEX
23.8462,1972, Sep, Mexico, MEX
21.794,1972, Oct, Mexico, MEX
17.1316,1972, Nov, Mexico, MEX
15.5774,1972, Dec, Mexico, MEX
14.3831,1973, Jan, Mexico, MEX
15.5845,1973, Feb, Mexico, MEX
18.6216,1973, Mar, Mexico, MEX
20.2462,1973, Apr, Mexico, MEX
23.5723,1973, May, Mexico, MEX
24.5472,1973, Jun, Mexico, MEX
24.6284,1973, Jul, Mexico, MEX
23.9023,1973, Aug, Mexico, MEX
23.7433,1973, Sep, Mexico, MEX
21.2221,1973, Oct, Mexico, MEX
18.9568,1973, Nov, Mexico, MEX
14.9086,1973, Dec, Mexico, MEX
15.8495,1974, Jan, Mexico, MEX
16.1759,1974, Feb, Mexico, MEX
19.2426,1974, Mar, Mexico, MEX
21.119,1974, Apr, Mexico, MEX
23.9417,1974, May, Mexico, MEX
25.1848,1974, Jun, Mexico, MEX
24.2772,1974, Jul, Mexico, MEX
24.4225,1974, Aug, Mexico, MEX
22.8077,1974, Sep, Mexico, MEX
20.2076,1974, Oct, Mexico, MEX
17.0331,1974, Nov, Mexico, MEX
14.5894,1974, Dec, Mexico, MEX
14.7441,1975, Jan, Mexico, MEX
16.2641,1975, Feb, Mexico, MEX
18.7357,1975, Mar, Mexico, MEX
20.9077,1975, Apr, Mexico, MEX
23.1992,1975, May, Mexico, MEX
24.9008,1975, Jun, Mexico, MEX
23.9691,1975, Jul, Mexico, MEX
24.3636,1975, Aug, Mexico, MEX
22.4354,1975, Sep, Mexico, MEX
20.8074,1975, Oct, Mexico, MEX
17.4975,1975, Nov, Mexico, MEX
14.9189,1975, Dec, Mexico, MEX
14.078,1976, Jan, Mexico, MEX
17.1049,1976, Feb, Mexico, MEX
19.0379,1976, Mar, Mexico, MEX
20.6431,1976, Apr, Mexico, MEX
22.5606,1976, May, Mexico, MEX
24.8553,1976, Jun, Mexico, MEX
23.6985,1976, Jul, Mexico, MEX
24.147,1976, Aug, Mexico, MEX
23.1359,1976, Sep, Mexico, MEX
19.4139,1976, Oct, Mexico, MEX
15.5749,1976, Nov, Mexico, MEX
14.1784,1976, Dec, Mexico, MEX
14.118,1977, Jan, Mexico, MEX
15.8304,1977, Feb, Mexico, MEX
18.1058,1977, Mar, Mexico, MEX
20.2415,1977, Apr, Mexico, MEX
23.1697,1977, May, Mexico, MEX
24.9841,1977, Jun, Mexico, MEX
24.8256,1977, Jul, Mexico, MEX
25.4419,1977, Aug, Mexico, MEX
24.6474,1977, Sep, Mexico, MEX
21.5699,1977, Oct, Mexico, MEX
18.2084,1977, Nov, Mexico, MEX
16.4729,1977, Dec, Mexico, MEX
14.7142,1978, Jan, Mexico, MEX
14.8407,1978, Feb, Mexico, MEX
18.4309,1978, Mar, Mexico, MEX
21.6472,1978, Apr, Mexico, MEX
23.7752,1978, May, Mexico, MEX
25.339,1978, Jun, Mexico, MEX
25.3877,1978, Jul, Mexico, MEX
24.5161,1978, Aug, Mexico, MEX
22.7885,1978, Sep, Mexico, MEX
20.611,1978, Oct, Mexico, MEX
18.1059,1978, Nov, Mexico, MEX
15.1652,1978, Dec, Mexico, MEX
13.6987,1979, Jan, Mexico, MEX
15.6421,1979, Feb, Mexico, MEX
18.1397,1979, Mar, Mexico, MEX
21.3148,1979, Apr, Mexico, MEX
22.6155,1979, May, Mexico, MEX
24.4047,1979, Jun, Mexico, MEX
25.4508,1979, Jul, Mexico, MEX
24.2449,1979, Aug, Mexico, MEX
23.2608,1979, Sep, Mexico, MEX
21.7369,1979, Oct, Mexico, MEX
16.2992,1979, Nov, Mexico, MEX
15.0458,1979, Dec, Mexico, MEX
15.5508,1980, Jan, Mexico, MEX
16.3923,1980, Feb, Mexico, MEX
18.753,1980, Mar, Mexico, MEX
20.4867,1980, Apr, Mexico, MEX
23.6739,1980, May, Mexico, MEX
26.3429,1980, Jun, Mexico, MEX
26.0899,1980, Jul, Mexico, MEX
24.6074,1980, Aug, Mexico, MEX
23.9795,1980, Sep, Mexico, MEX
20.4817,1980, Oct, Mexico, MEX
16.3632,1980, Nov, Mexico, MEX
15.5459,1980, Dec, Mexico, MEX
14.2594,1981, Jan, Mexico, MEX
16.4311,1981, Feb, Mexico, MEX
17.5485,1981, Mar, Mexico, MEX
21.2392,1981, Apr, Mexico, MEX
23.0513,1981, May, Mexico, MEX
24.7704,1981, Jun, Mexico, MEX
25.0068,1981, Jul, Mexico, MEX
24.876,1981, Aug, Mexico, MEX
23.6769,1981, Sep, Mexico, MEX
21.2498,1981, Oct, Mexico, MEX
18.2374,1981, Nov, Mexico, MEX
16.1338,1981, Dec, Mexico, MEX
15.5262,1982, Jan, Mexico, MEX
16.4644,1982, Feb, Mexico, MEX
19.373,1982, Mar, Mexico, MEX
22.1469,1982, Apr, Mexico, MEX
23.1288,1982, May, Mexico, MEX
25.5176,1982, Jun, Mexico, MEX
25.1727,1982, Jul, Mexico, MEX
25.3416,1982, Aug, Mexico, MEX
24.2536,1982, Sep, Mexico, MEX
20.8149,1982, Oct, Mexico, MEX
17.3282,1982, Nov, Mexico, MEX
14.6711,1982, Dec, Mexico, MEX
14.4358,1983, Jan, Mexico, MEX
15.723,1983, Feb, Mexico, MEX
17.8458,1983, Mar, Mexico, MEX
20.0852,1983, Apr, Mexico, MEX
24.029,1983, May, Mexico, MEX
25.4969,1983, Jun, Mexico, MEX
25.1162,1983, Jul, Mexico, MEX
24.7863,1983, Aug, Mexico, MEX
24.1645,1983, Sep, Mexico, MEX
21.4345,1983, Oct, Mexico, MEX
18.2365,1983, Nov, Mexico, MEX
15.0762,1983, Dec, Mexico, MEX
14.1037,1984, Jan, Mexico, MEX
15.8208,1984, Feb, Mexico, MEX
18.8955,1984, Mar, Mexico, MEX
21.7193,1984, Apr, Mexico, MEX
23.7358,1984, May, Mexico, MEX
24.6778,1984, Jun, Mexico, MEX
23.9915,1984, Jul, Mexico, MEX
24.318,1984, Aug, Mexico, MEX
22.9011,1984, Sep, Mexico, MEX
20.9068,1984, Oct, Mexico, MEX
17.4313,1984, Nov, Mexico, MEX
16.3575,1984, Dec, Mexico, MEX
13.5333,1985, Jan, Mexico, MEX
15.6142,1985, Feb, Mexico, MEX
18.9538,1985, Mar, Mexico, MEX
20.999,1985, Apr, Mexico, MEX
23.7079,1985, May, Mexico, MEX
24.7248,1985, Jun, Mexico, MEX
24.6195,1985, Jul, Mexico, MEX
25.1386,1985, Aug, Mexico, MEX
23.5371,1985, Sep, Mexico, MEX
21.3073,1985, Oct, Mexico, MEX
18.2808,1985, Nov, Mexico, MEX
14.9791,1985, Dec, Mexico, MEX
15.3014,1986, Jan, Mexico, MEX
17.3089,1986, Feb, Mexico, MEX
18.6427,1986, Mar, Mexico, MEX
22.4833,1986, Apr, Mexico, MEX
23.5306,1986, May, Mexico, MEX
24.46,1986, Jun, Mexico, MEX
24.6092,1986, Jul, Mexico, MEX
25.0054,1986, Aug, Mexico, MEX
23.7172,1986, Sep, Mexico, MEX
20.5702,1986, Oct, Mexico, MEX
17.9656,1986, Nov, Mexico, MEX
15.0187,1986, Dec, Mexico, MEX
14.416,1987, Jan, Mexico, MEX
16.0537,1987, Feb, Mexico, MEX
17.0137,1987, Mar, Mexico, MEX
20.0203,1987, Apr, Mexico, MEX
22.7893,1987, May, Mexico, MEX
24.9991,1987, Jun, Mexico, MEX
24.748,1987, Jul, Mexico, MEX
25.088,1987, Aug, Mexico, MEX
23.8421,1987, Sep, Mexico, MEX
21.5062,1987, Oct, Mexico, MEX
17.536,1987, Nov, Mexico, MEX
15.7414,1987, Dec, Mexico, MEX
14.141,1988, Jan, Mexico, MEX
16.4248,1988, Feb, Mexico, MEX
18.0736,1988, Mar, Mexico, MEX
21.0009,1988, Apr, Mexico, MEX
23.4069,1988, May, Mexico, MEX
24.7942,1988, Jun, Mexico, MEX
24.8021,1988, Jul, Mexico, MEX
24.6107,1988, Aug, Mexico, MEX
23.2832,1988, Sep, Mexico, MEX
21.4876,1988, Oct, Mexico, MEX
18.7108,1988, Nov, Mexico, MEX
15.2385,1988, Dec, Mexico, MEX
15.7052,1989, Jan, Mexico, MEX
16.4529,1989, Feb, Mexico, MEX
18.8584,1989, Mar, Mexico, MEX
21.9945,1989, Apr, Mexico, MEX
24.5021,1989, May, Mexico, MEX
25.7463,1989, Jun, Mexico, MEX
25.4405,1989, Jul, Mexico, MEX
24.7071,1989, Aug, Mexico, MEX
23.4604,1989, Sep, Mexico, MEX
21.2654,1989, Oct, Mexico, MEX
18.36,1989, Nov, Mexico, MEX
13.6625,1989, Dec, Mexico, MEX
15.6923,1990, Jan, Mexico, MEX
16.5374,1990, Feb, Mexico, MEX
18.819,1990, Mar, Mexico, MEX
21.9324,1990, Apr, Mexico, MEX
24.1842,1990, May, Mexico, MEX
26.593,1990, Jun, Mexico, MEX
24.4156,1990, Jul, Mexico, MEX
24.2707,1990, Aug, Mexico, MEX
23.4078,1990, Sep, Mexico, MEX
21.0342,1990, Oct, Mexico, MEX
18.4464,1990, Nov, Mexico, MEX
15.3802,1990, Dec, Mexico, MEX
15.3059,1991, Jan, Mexico, MEX
17.2518,1991, Feb, Mexico, MEX
19.4619,1991, Mar, Mexico, MEX
22.071,1991, Apr, Mexico, MEX
24.0154,1991, May, Mexico, MEX
25.2067,1991, Jun, Mexico, MEX
24.5658,1991, Jul, Mexico, MEX
25.1221,1991, Aug, Mexico, MEX
22.8301,1991, Sep, Mexico, MEX
21.6588,1991, Oct, Mexico, MEX
16.8829,1991, Nov, Mexico, MEX
15.6414,1991, Dec, Mexico, MEX
14.0334,1992, Jan, Mexico, MEX
16.1618,1992, Feb, Mexico, MEX
19.1323,1992, Mar, Mexico, MEX
21.2605,1992, Apr, Mexico, MEX
22.7848,1992, May, Mexico, MEX
25.5622,1992, Jun, Mexico, MEX
25.2477,1992, Jul, Mexico, MEX
24.795,1992, Aug, Mexico, MEX
24.1089,1992, Sep, Mexico, MEX
21.6823,1992, Oct, Mexico, MEX
16.7592,1992, Nov, Mexico, MEX
16.0343,1992, Dec, Mexico, MEX
16.1877,1993, Jan, Mexico, MEX
16.9355,1993, Feb, Mexico, MEX
18.6071,1993, Mar, Mexico, MEX
21.1912,1993, Apr, Mexico, MEX
23.3696,1993, May, Mexico, MEX
25.2442,1993, Jun, Mexico, MEX
25.1041,1993, Jul, Mexico, MEX
25.3099,1993, Aug, Mexico, MEX
23.6138,1993, Sep, Mexico, MEX
21.4985,1993, Oct, Mexico, MEX
17.5559,1993, Nov, Mexico, MEX
16.3197,1993, Dec, Mexico, MEX
15.6752,1994, Jan, Mexico, MEX
16.8216,1994, Feb, Mexico, MEX
19.2138,1994, Mar, Mexico, MEX
21.4984,1994, Apr, Mexico, MEX
23.9331,1994, May, Mexico, MEX
26.0697,1994, Jun, Mexico, MEX
26.078,1994, Jul, Mexico, MEX
25.4568,1994, Aug, Mexico, MEX
23.9543,1994, Sep, Mexico, MEX
21.805,1994, Oct, Mexico, MEX
19.1021,1994, Nov, Mexico, MEX
16.6608,1994, Dec, Mexico, MEX
15.7881,1995, Jan, Mexico, MEX
18.222,1995, Feb, Mexico, MEX
18.8963,1995, Mar, Mexico, MEX
21.3123,1995, Apr, Mexico, MEX
24.1756,1995, May, Mexico, MEX
25.2906,1995, Jun, Mexico, MEX
25.5824,1995, Jul, Mexico, MEX
25.3588,1995, Aug, Mexico, MEX
24.211,1995, Sep, Mexico, MEX
21.5701,1995, Oct, Mexico, MEX
18.8246,1995, Nov, Mexico, MEX
16.0485,1995, Dec, Mexico, MEX
15.4202,1996, Jan, Mexico, MEX
17.6709,1996, Feb, Mexico, MEX
17.9222,1996, Mar, Mexico, MEX
21.4181,1996, Apr, Mexico, MEX
25.3507,1996, May, Mexico, MEX
25.8751,1996, Jun, Mexico, MEX
25.8897,1996, Jul, Mexico, MEX
24.8214,1996, Aug, Mexico, MEX
23.9202,1996, Sep, Mexico, MEX
21.4501,1996, Oct, Mexico, MEX
18.3468,1996, Nov, Mexico, MEX
15.8128,1996, Dec, Mexico, MEX
14.9007,1997, Jan, Mexico, MEX
16.3041,1997, Feb, Mexico, MEX
19.3852,1997, Mar, Mexico, MEX
20.314,1997, Apr, Mexico, MEX
23.7982,1997, May, Mexico, MEX
25.6072,1997, Jun, Mexico, MEX
25.7842,1997, Jul, Mexico, MEX
25.5918,1997, Aug, Mexico, MEX
24.8078,1997, Sep, Mexico, MEX
21.2187,1997, Oct, Mexico, MEX
18.0035,1997, Nov, Mexico, MEX
14.8674,1997, Dec, Mexico, MEX
16.2419,1998, Jan, Mexico, MEX
16.4824,1998, Feb, Mexico, MEX
18.7112,1998, Mar, Mexico, MEX
21.3964,1998, Apr, Mexico, MEX
24.7194,1998, May, Mexico, MEX
26.7604,1998, Jun, Mexico, MEX
26.0118,1998, Jul, Mexico, MEX
25.5231,1998, Aug, Mexico, MEX
24.5591,1998, Sep, Mexico, MEX
21.6421,1998, Oct, Mexico, MEX
18.8467,1998, Nov, Mexico, MEX
15.6988,1998, Dec, Mexico, MEX
15.9203,1999, Jan, Mexico, MEX
17.8097,1999, Feb, Mexico, MEX
19.0325,1999, Mar, Mexico, MEX
21.9151,1999, Apr, Mexico, MEX
24.2776,1999, May, Mexico, MEX
25.263,1999, Jun, Mexico, MEX
24.5779,1999, Jul, Mexico, MEX
25.2218,1999, Aug, Mexico, MEX
23.8206,1999, Sep, Mexico, MEX
21.1288,1999, Oct, Mexico, MEX
18.2525,1999, Nov, Mexico, MEX
14.5784,1999, Dec, Mexico, MEX
16.2229,2000, Jan, Mexico, MEX
18.2911,2000, Feb, Mexico, MEX
19.613,2000, Mar, Mexico, MEX
22.3705,2000, Apr, Mexico, MEX
24.9054,2000, May, Mexico, MEX
25.0228,2000, Jun, Mexico, MEX
25.8094,2000, Jul, Mexico, MEX
24.7835,2000, Aug, Mexico, MEX
24.6968,2000, Sep, Mexico, MEX
20.8665,2000, Oct, Mexico, MEX
16.9616,2000, Nov, Mexico, MEX
14.8867,2000, Dec, Mexico, MEX
14.8879,2001, Jan, Mexico, MEX
17.0823,2001, Feb, Mexico, MEX
18.0038,2001, Mar, Mexico, MEX
21.7647,2001, Apr, Mexico, MEX
23.9838,2001, May, Mexico, MEX
25.5654,2001, Jun, Mexico, MEX
25.4812,2001, Jul, Mexico, MEX
25.4114,2001, Aug, Mexico, MEX
23.966,2001, Sep, Mexico, MEX
21.4834,2001, Oct, Mexico, MEX
18.2264,2001, Nov, Mexico, MEX
15.3114,2001, Dec, Mexico, MEX
15.7708,2002, Jan, Mexico, MEX
15.9711,2002, Feb, Mexico, MEX
19.066,2002, Mar, Mexico, MEX
23.0354,2002, Apr, Mexico, MEX
24.7483,2002, May, Mexico, MEX
25.8009,2002, Jun, Mexico, MEX
24.8621,2002, Jul, Mexico, MEX
25.4675,2002, Aug, Mexico, MEX
23.8969,2002, Sep, Mexico, MEX
21.8029,2002, Oct, Mexico, MEX
17.6384,2002, Nov, Mexico, MEX
15.4938,2002, Dec, Mexico, MEX
15.8248,2003, Jan, Mexico, MEX
17.2541,2003, Feb, Mexico, MEX
18.9258,2003, Mar, Mexico, MEX
22.037,2003, Apr, Mexico, MEX
25.0823,2003, May, Mexico, MEX
25.6383,2003, Jun, Mexico, MEX
25.2187,2003, Jul, Mexico, MEX
25.1893,2003, Aug, Mexico, MEX
23.8425,2003, Sep, Mexico, MEX
21.7858,2003, Oct, Mexico, MEX
18.7051,2003, Nov, Mexico, MEX
15.285,2003, Dec, Mexico, MEX
15.2426,2004, Jan, Mexico, MEX
16.0568,2004, Feb, Mexico, MEX
20.0468,2004, Mar, Mexico, MEX
21.3098,2004, Apr, Mexico, MEX
24.031,2004, May, Mexico, MEX
25.4182,2004, Jun, Mexico, MEX
25.3881,2004, Jul, Mexico, MEX
24.9142,2004, Aug, Mexico, MEX
23.5327,2004, Sep, Mexico, MEX
22.2961,2004, Oct, Mexico, MEX
17.8735,2004, Nov, Mexico, MEX
15.2453,2004, Dec, Mexico, MEX
16.6164,2005, Jan, Mexico, MEX
16.7329,2005, Feb, Mexico, MEX
18.5999,2005, Mar, Mexico, MEX
22.1073,2005, Apr, Mexico, MEX
23.92,2005, May, Mexico, MEX
25.848,2005, Jun, Mexico, MEX
25.7994,2005, Jul, Mexico, MEX
25.0122,2005, Aug, Mexico, MEX
24.9529,2005, Sep, Mexico, MEX
21.6215,2005, Oct, Mexico, MEX
18.5069,2005, Nov, Mexico, MEX
15.8074,2005, Dec, Mexico, MEX
16.3946,2006, Jan, Mexico, MEX
17.5736,2006, Feb, Mexico, MEX
19.7349,2006, Mar, Mexico, MEX
23.2492,2006, Apr, Mexico, MEX
24.5288,2006, May, Mexico, MEX
25.9912,2006, Jun, Mexico, MEX
25.4927,2006, Jul, Mexico, MEX
25.1353,2006, Aug, Mexico, MEX
23.6627,2006, Sep, Mexico, MEX
21.8045,2006, Oct, Mexico, MEX
18.5258,2006, Nov, Mexico, MEX
15.0954,2006, Dec, Mexico, MEX
14.396,2007, Jan, Mexico, MEX
16.8468,2007, Feb, Mexico, MEX
19.738,2007, Mar, Mexico, MEX
21.5215,2007, Apr, Mexico, MEX
23.7037,2007, May, Mexico, MEX
25.4564,2007, Jun, Mexico, MEX
24.8337,2007, Jul, Mexico, MEX
25.4211,2007, Aug, Mexico, MEX
24.1171,2007, Sep, Mexico, MEX
22.0179,2007, Oct, Mexico, MEX
18.4659,2007, Nov, Mexico, MEX
16.2508,2007, Dec, Mexico, MEX
15.1542,2008, Jan, Mexico, MEX
17.8429,2008, Feb, Mexico, MEX
18.9518,2008, Mar, Mexico, MEX
22.3838,2008, Apr, Mexico, MEX
24.0977,2008, May, Mexico, MEX
26.1737,2008, Jun, Mexico, MEX
24.7423,2008, Jul, Mexico, MEX
24.8025,2008, Aug, Mexico, MEX
23.0479,2008, Sep, Mexico, MEX
21.2336,2008, Oct, Mexico, MEX
17.7357,2008, Nov, Mexico, MEX
16.1461,2008, Dec, Mexico, MEX
16.418,2009, Jan, Mexico, MEX
17.8174,2009, Feb, Mexico, MEX
19.5541,2009, Mar, Mexico, MEX
22.015,2009, Apr, Mexico, MEX
24.6073,2009, May, Mexico, MEX
26.0359,2009, Jun, Mexico, MEX
26.4859,2009, Jul, Mexico, MEX
25.98,2009, Aug, Mexico, MEX
24.1734,2009, Sep, Mexico, MEX
21.8379,2009, Oct, Mexico, MEX
18.1773,2009, Nov, Mexico, MEX
15.1998,2009, Dec, Mexico, MEX
14.8149,2010, Jan, Mexico, MEX
15.1707,2010, Feb, Mexico, MEX
18.1291,2010, Mar, Mexico, MEX
21.3758,2010, Apr, Mexico, MEX
24.334,2010, May, Mexico, MEX
26.1529,2010, Jun, Mexico, MEX
24.7495,2010, Jul, Mexico, MEX
25.6331,2010, Aug, Mexico, MEX
24.2069,2010, Sep, Mexico, MEX
21.4365,2010, Oct, Mexico, MEX
17.5886,2010, Nov, Mexico, MEX
15.5366,2010, Dec, Mexico, MEX
15.2498,2011, Jan, Mexico, MEX
16.2263,2011, Feb, Mexico, MEX
20.513,2011, Mar, Mexico, MEX
23.6463,2011, Apr, Mexico, MEX
24.4571,2011, May, Mexico, MEX
26.5405,2011, Jun, Mexico, MEX
25.6829,2011, Jul, Mexico, MEX
26.3494,2011, Aug, Mexico, MEX
24.8614,2011, Sep, Mexico, MEX
21.8019,2011, Oct, Mexico, MEX
18.1659,2011, Nov, Mexico, MEX
14.9203,2011, Dec, Mexico, MEX
16.265,2012, Jan, Mexico, MEX
16.9045,2012, Feb, Mexico, MEX
19.7004,2012, Mar, Mexico, MEX
22.5787,2012, Apr, Mexico, MEX
24.7395,2012, May, Mexico, MEX
26.2382,2012, Jun, Mexico, MEX
25.219,2012, Jul, Mexico, MEX
25.9324,2012, Aug, Mexico, MEX
24.2086,2012, Sep, Mexico, MEX
22.5855,2012, Oct, Mexico, MEX
18.5183,2012, Nov, Mexico, MEX
16.7689,2012, Dec, Mexico, MEX
15.2812,2013, Jan, Mexico, MEX
17.3874,2013, Feb, Mexico, MEX
19.1893,2013, Mar, Mexico, MEX
22.1997,2013, Apr, Mexico, MEX
24.0125,2013, May, Mexico, MEX
26.1992,2013, Jun, Mexico, MEX
25.1185,2013, Jul, Mexico, MEX
25.4668,2013, Aug, Mexico, MEX
23.6937,2013, Sep, Mexico, MEX
21.8225,2013, Oct, Mexico, MEX
17.631,2013, Nov, Mexico, MEX
15.5624,2013, Dec, Mexico, MEX
15.4408,2014, Jan, Mexico, MEX
18.2578,2014, Feb, Mexico, MEX
19.4685,2014, Mar, Mexico, MEX
22.4253,2014, Apr, Mexico, MEX
23.7414,2014, May, Mexico, MEX
26.151,2014, Jun, Mexico, MEX
25.6699,2014, Jul, Mexico, MEX
25.3779,2014, Aug, Mexico, MEX
23.9119,2014, Sep, Mexico, MEX
22.3843,2014, Oct, Mexico, MEX
17.1367,2014, Nov, Mexico, MEX
16.1769,2014, Dec, Mexico, MEX
15.3802,2015, Jan, Mexico, MEX
16.9949,2015, Feb, Mexico, MEX
18.7999,2015, Mar, Mexico, MEX
22.1485,2015, Apr, Mexico, MEX
23.5583,2015, May, Mexico, MEX
25.4756,2015, Jun, Mexico, MEX
25.7328,2015, Jul, Mexico, MEX
26.3009,2015, Aug, Mexico, MEX
25.1476,2015, Sep, Mexico, MEX
22.5728,2015, Oct, Mexico, MEX
19.2983,2015, Nov, Mexico, MEX
16.7738,2015, Dec, Mexico, MEX
15.1196,2016, Jan, Mexico, MEX
17.9131,2016, Feb, Mexico, MEX
19.9754,2016, Mar, Mexico, MEX
22.3308,2016, Apr, Mexico, MEX
24.3347,2016, May, Mexico, MEX
25.9704,2016, Jun, Mexico, MEX
26.4017,2016, Jul, Mexico, MEX
25.1618,2016, Aug, Mexico, MEX
24.3519,2016, Sep, Mexico, MEX
22.8233,2016, Oct, Mexico, MEX
19.1991,2016, Nov, Mexico, MEX
16.9754,2016, Dec, Mexico, MEX
